"","RBP","R","log_adj_pval","AS_type"
"1","PPRC1.[GC][GC]GCGC[GC]","R1",8.93839577594353,"MXE"
"2","PPRC1.[GC][GC]GCGC[GC]","R2",14.7545285040229,"MXE"
"3","PPRC1.[GC][GC]GCGC[GC]","R3",4.12880682047754,"MXE"
"4","PPRC1.[GC][GC]GCGC[GC]","R4",3.5922376792268,"MXE"
"5","PPRC1.[GC][GC]GCGC[GC]","R5",2.25097878601768,"MXE"
"6","PPRC1.[GC][GC]GCGC[GC]","R6",2.51973130508451,"MXE"
"7","PPRC1.[GC][GC]GCGC[GC]","R7",NA,"MXE"
"8","PPRC1.[GC][GC]GCGC[GC]","R8",NA,"MXE"
"9","PPRC1.[GC][GC]GCGC[GC]","R9",NA,"MXE"
"10","PPRC1.[GC][GC]GCGC[GC]","R10",1.54365228635283,"MXE"
"11","PPRC1.[GC][GC]GCGC[GC]","R11",NA,"MXE"
"12","PPRC1.[GC][GC]GCGC[GC]","R12",NA,"MXE"
"13","FUS.CGCGC","R1",6.33217512512081,"MXE"
"14","FUS.CGCGC","R2",9.57230794437271,"MXE"
"15","FUS.CGCGC","R3",3.60362268648034,"MXE"
"16","FUS.CGCGC","R4",1.53961437438954,"MXE"
"17","FUS.CGCGC","R5",2.44085327067983,"MXE"
"18","FUS.CGCGC","R6",1.77627144826861,"MXE"
"19","FUS.CGCGC","R7",1.48520148129226,"MXE"
"20","FUS.CGCGC","R8",NA,"MXE"
"21","FUS.CGCGC","R9",NA,"MXE"
"22","FUS.CGCGC","R10",NA,"MXE"
"23","FUS.CGCGC","R11",1.3224684374965,"MXE"
"24","FUS.CGCGC","R12",NA,"MXE"
"25","RBM8A.[AG][CT]GCGC[CGT]","R1",2.7223989049037,"MXE"
"26","RBM8A.[AG][CT]GCGC[CGT]","R2",8.3048159785509,"MXE"
"27","RBM8A.[AG][CT]GCGC[CGT]","R3",2.27798412185925,"MXE"
"28","RBM8A.[AG][CT]GCGC[CGT]","R4",2.78324114372135,"MXE"
"29","RBM8A.[AG][CT]GCGC[CGT]","R5",2.89691711566684,"MXE"
"30","RBM8A.[AG][CT]GCGC[CGT]","R6",NA,"MXE"
"31","RBM8A.[AG][CT]GCGC[CGT]","R7",NA,"MXE"
"32","RBM8A.[AG][CT]GCGC[CGT]","R8",NA,"MXE"
"33","RBM8A.[AG][CT]GCGC[CGT]","R9",NA,"MXE"
"34","RBM8A.[AG][CT]GCGC[CGT]","R10",NA,"MXE"
"35","RBM8A.[AG][CT]GCGC[CGT]","R11",NA,"MXE"
"36","RBM8A.[AG][CT]GCGC[CGT]","R12",NA,"MXE"
"37","RBM4.GCGCG[GC][GC]","R1",6.46593040962267,"MXE"
"38","RBM4.GCGCG[GC][GC]","R2",8.28265074518845,"MXE"
"39","RBM4.GCGCG[GC][GC]","R3",4.3793387232636,"MXE"
"40","RBM4.GCGCG[GC][GC]","R4",1.55590158967436,"MXE"
"41","RBM4.GCGCG[GC][GC]","R5",1.49082124154836,"MXE"
"42","RBM4.GCGCG[GC][GC]","R6",2.19628107670416,"MXE"
"43","RBM4.GCGCG[GC][GC]","R7",NA,"MXE"
"44","RBM4.GCGCG[GC][GC]","R8",NA,"MXE"
"45","RBM4.GCGCG[GC][GC]","R9",NA,"MXE"
"46","RBM4.GCGCG[GC][GC]","R10",1.61513835162407,"MXE"
"47","RBM4.GCGCG[GC][GC]","R11",NA,"MXE"
"48","RBM4.GCGCG[GC][GC]","R12",NA,"MXE"
"49","RBM4.GCGCG[GC]G","R1",4.28170422446208,"MXE"
"50","RBM4.GCGCG[GC]G","R2",4.81843060272546,"MXE"
"51","RBM4.GCGCG[GC]G","R3",5.72459886311789,"MXE"
"52","RBM4.GCGCG[GC]G","R4",1.92638874700227,"MXE"
"53","RBM4.GCGCG[GC]G","R5",1.84129146220996,"MXE"
"54","RBM4.GCGCG[GC]G","R6",1.30472773531911,"MXE"
"55","RBM4.GCGCG[GC]G","R7",1.50869798555562,"MXE"
"56","RBM4.GCGCG[GC]G","R8",NA,"MXE"
"57","RBM4.GCGCG[GC]G","R9",NA,"MXE"
"58","RBM4.GCGCG[GC]G","R10",1.99487850122537,"MXE"
"59","RBM4.GCGCG[GC]G","R11",NA,"MXE"
"60","RBM4.GCGCG[GC]G","R12",NA,"MXE"
"61","SRp40.[CT][AG]C[AG][GT][AC]","R1",NA,"MXE"
"62","SRp40.[CT][AG]C[AG][GT][AC]","R2",4.80658602174878,"MXE"
"63","SRp40.[CT][AG]C[AG][GT][AC]","R3",NA,"MXE"
"64","SRp40.[CT][AG]C[AG][GT][AC]","R4",1.50773848153196,"MXE"
"65","SRp40.[CT][AG]C[AG][GT][AC]","R5",NA,"MXE"
"66","SRp40.[CT][AG]C[AG][GT][AC]","R6",NA,"MXE"
"67","SRp40.[CT][AG]C[AG][GT][AC]","R7",NA,"MXE"
"68","SRp40.[CT][AG]C[AG][GT][AC]","R8",NA,"MXE"
"69","SRp40.[CT][AG]C[AG][GT][AC]","R9",NA,"MXE"
"70","SRp40.[CT][AG]C[AG][GT][AC]","R10",2.55560488644062,"MXE"
"71","SRp40.[CT][AG]C[AG][GT][AC]","R11",1.63302958833952,"MXE"
"72","SRp40.[CT][AG]C[AG][GT][AC]","R12",1.35825436263977,"MXE"
"73","RBM5.GA[AG]GG[AT][AG]","R1",NA,"MXE"
"74","RBM5.GA[AG]GG[AT][AG]","R2",4.2432404473351,"MXE"
"75","RBM5.GA[AG]GG[AT][AG]","R3",NA,"MXE"
"76","RBM5.GA[AG]GG[AT][AG]","R4",NA,"MXE"
"77","RBM5.GA[AG]GG[AT][AG]","R5",2.12983321320206,"MXE"
"78","RBM5.GA[AG]GG[AT][AG]","R6",1.35635615231578,"MXE"
"79","RBM5.GA[AG]GG[AT][AG]","R7",1.339689027383,"MXE"
"80","RBM5.GA[AG]GG[AT][AG]","R8",NA,"MXE"
"81","RBM5.GA[AG]GG[AT][AG]","R9",NA,"MXE"
"82","RBM5.GA[AG]GG[AT][AG]","R10",2.08640713169179,"MXE"
"83","RBM5.GA[AG]GG[AT][AG]","R11",NA,"MXE"
"84","RBM5.GA[AG]GG[AT][AG]","R12",NA,"MXE"
"85","SRSF2.GGAG[AT][AGT]","R1",NA,"MXE"
"86","SRSF2.GGAG[AT][AGT]","R2",3.90615488426765,"MXE"
"87","SRSF2.GGAG[AT][AGT]","R3",NA,"MXE"
"88","SRSF2.GGAG[AT][AGT]","R4",5.94378934952406,"MXE"
"89","SRSF2.GGAG[AT][AGT]","R5",4.25966059738586,"MXE"
"90","SRSF2.GGAG[AT][AGT]","R6",NA,"MXE"
"91","SRSF2.GGAG[AT][AGT]","R7",1.78852971583889,"MXE"
"92","SRSF2.GGAG[AT][AGT]","R8",NA,"MXE"
"93","SRSF2.GGAG[AT][AGT]","R9",NA,"MXE"
"94","SRSF2.GGAG[AT][AGT]","R10",2.82947529784135,"MXE"
"95","SRSF2.GGAG[AT][AGT]","R11",1.4967035561517,"MXE"
"96","SRSF2.GGAG[AT][AGT]","R12",NA,"MXE"
"97","LIN28A.[CT]GGAGG[AG]","R1",NA,"MXE"
"98","LIN28A.[CT]GGAGG[AG]","R2",3.89771429386569,"MXE"
"99","LIN28A.[CT]GGAGG[AG]","R3",NA,"MXE"
"100","LIN28A.[CT]GGAGG[AG]","R4",NA,"MXE"
"101","LIN28A.[CT]GGAGG[AG]","R5",NA,"MXE"
"102","LIN28A.[CT]GGAGG[AG]","R6",1.75317602088437,"MXE"
"103","LIN28A.[CT]GGAGG[AG]","R7",1.86312787778243,"MXE"
"104","LIN28A.[CT]GGAGG[AG]","R8",NA,"MXE"
"105","LIN28A.[CT]GGAGG[AG]","R9",NA,"MXE"
"106","LIN28A.[CT]GGAGG[AG]","R10",1.76438690939584,"MXE"
"107","LIN28A.[CT]GGAGG[AG]","R11",2.48643583582228,"MXE"
"108","LIN28A.[CT]GGAGG[AG]","R12",NA,"MXE"
"109","SRSF1.GGA[GC]G[AG][ACG]","R1",2.4624690996665,"MXE"
"110","SRSF1.GGA[GC]G[AG][ACG]","R2",3.79626762386118,"MXE"
"111","SRSF1.GGA[GC]G[AG][ACG]","R3",3.58099428269833,"MXE"
"112","SRSF1.GGA[GC]G[AG][ACG]","R4",2.26293000039537,"MXE"
"113","SRSF1.GGA[GC]G[AG][ACG]","R5",3.01008079876379,"MXE"
"114","SRSF1.GGA[GC]G[AG][ACG]","R6",4.25312683557431,"MXE"
"115","SRSF1.GGA[GC]G[AG][ACG]","R7",1.62129293921918,"MXE"
"116","SRSF1.GGA[GC]G[AG][ACG]","R8",NA,"MXE"
"117","SRSF1.GGA[GC]G[AG][ACG]","R9",NA,"MXE"
"118","SRSF1.GGA[GC]G[AG][ACG]","R10",NA,"MXE"
"119","SRSF1.GGA[GC]G[AG][ACG]","R11",2.03613984958802,"MXE"
"120","SRSF1.GGA[GC]G[AG][ACG]","R12",NA,"MXE"
"121","PTBP1.[ACT][CT]TTT[CT]T","R1",NA,"MXE"
"122","PTBP1.[ACT][CT]TTT[CT]T","R2",3.63592776218112,"MXE"
"123","PTBP1.[ACT][CT]TTT[CT]T","R3",4.05122556152637,"MXE"
"124","PTBP1.[ACT][CT]TTT[CT]T","R4",NA,"MXE"
"125","PTBP1.[ACT][CT]TTT[CT]T","R5",1.44330510865711,"MXE"
"126","PTBP1.[ACT][CT]TTT[CT]T","R6",2.83664467768871,"MXE"
"127","PTBP1.[ACT][CT]TTT[CT]T","R7",3.42873811753287,"MXE"
"128","PTBP1.[ACT][CT]TTT[CT]T","R8",1.30586087351523,"MXE"
"129","PTBP1.[ACT][CT]TTT[CT]T","R9",NA,"MXE"
"130","PTBP1.[ACT][CT]TTT[CT]T","R10",2.25534387569667,"MXE"
"131","PTBP1.[ACT][CT]TTT[CT]T","R11",2.99304189513127,"MXE"
"132","PTBP1.[ACT][CT]TTT[CT]T","R12",NA,"MXE"
"133","SRSF1.GG[AG]GGA[ACG]","R1",NA,"MXE"
"134","SRSF1.GG[AG]GGA[ACG]","R2",3.57059006667516,"MXE"
"135","SRSF1.GG[AG]GGA[ACG]","R3",2.39044805812493,"MXE"
"136","SRSF1.GG[AG]GGA[ACG]","R4",NA,"MXE"
"137","SRSF1.GG[AG]GGA[ACG]","R5",2.31336570232207,"MXE"
"138","SRSF1.GG[AG]GGA[ACG]","R6",4.37172090668748,"MXE"
"139","SRSF1.GG[AG]GGA[ACG]","R7",1.77584496805449,"MXE"
"140","SRSF1.GG[AG]GGA[ACG]","R8",NA,"MXE"
"141","SRSF1.GG[AG]GGA[ACG]","R9",NA,"MXE"
"142","SRSF1.GG[AG]GGA[ACG]","R10",1.93996438004369,"MXE"
"143","SRSF1.GG[AG]GGA[ACG]","R11",NA,"MXE"
"144","SRSF1.GG[AG]GGA[ACG]","R12",NA,"MXE"
"145","RBM5.[GC]AAGG[AG]G","R1",1.48152970875957,"MXE"
"146","RBM5.[GC]AAGG[AG]G","R2",3.51257077715462,"MXE"
"147","RBM5.[GC]AAGG[AG]G","R3",1.31244443157607,"MXE"
"148","RBM5.[GC]AAGG[AG]G","R4",NA,"MXE"
"149","RBM5.[GC]AAGG[AG]G","R5",NA,"MXE"
"150","RBM5.[GC]AAGG[AG]G","R6",NA,"MXE"
"151","RBM5.[GC]AAGG[AG]G","R7",1.90917769606392,"MXE"
"152","RBM5.[GC]AAGG[AG]G","R8",NA,"MXE"
"153","RBM5.[GC]AAGG[AG]G","R9",NA,"MXE"
"154","RBM5.[GC]AAGG[AG]G","R10",1.83998924666965,"MXE"
"155","RBM5.[GC]AAGG[AG]G","R11",NA,"MXE"
"156","RBM5.[GC]AAGG[AG]G","R12",NA,"MXE"
"157","ZC3H10.[GC][GC]AGCG[AC]","R1",4.73382646684191,"MXE"
"158","ZC3H10.[GC][GC]AGCG[AC]","R2",3.45405160494886,"MXE"
"159","ZC3H10.[GC][GC]AGCG[AC]","R3",2.26472798088183,"MXE"
"160","ZC3H10.[GC][GC]AGCG[AC]","R4",NA,"MXE"
"161","ZC3H10.[GC][GC]AGCG[AC]","R5",2.23012649775855,"MXE"
"162","ZC3H10.[GC][GC]AGCG[AC]","R6",NA,"MXE"
"163","ZC3H10.[GC][GC]AGCG[AC]","R7",1.83892980056339,"MXE"
"164","ZC3H10.[GC][GC]AGCG[AC]","R8",NA,"MXE"
"165","ZC3H10.[GC][GC]AGCG[AC]","R9",NA,"MXE"
"166","ZC3H10.[GC][GC]AGCG[AC]","R10",2.92276733154673,"MXE"
"167","ZC3H10.[GC][GC]AGCG[AC]","R11",2.27076838448,"MXE"
"168","ZC3H10.[GC][GC]AGCG[AC]","R12",NA,"MXE"
"169","SAMD4A.GC[GT]GG[ACT][AC]","R1",2.23683572023761,"MXE"
"170","SAMD4A.GC[GT]GG[ACT][AC]","R2",3.40721573064458,"MXE"
"171","SAMD4A.GC[GT]GG[ACT][AC]","R3",1.6470520716432,"MXE"
"172","SAMD4A.GC[GT]GG[ACT][AC]","R4",NA,"MXE"
"173","SAMD4A.GC[GT]GG[ACT][AC]","R5",NA,"MXE"
"174","SAMD4A.GC[GT]GG[ACT][AC]","R6",2.47338871607983,"MXE"
"175","SAMD4A.GC[GT]GG[ACT][AC]","R7",NA,"MXE"
"176","SAMD4A.GC[GT]GG[ACT][AC]","R8",NA,"MXE"
"177","SAMD4A.GC[GT]GG[ACT][AC]","R9",NA,"MXE"
"178","SAMD4A.GC[GT]GG[ACT][AC]","R10",1.74640531743054,"MXE"
"179","SAMD4A.GC[GT]GG[ACT][AC]","R11",NA,"MXE"
"180","SAMD4A.GC[GT]GG[ACT][AC]","R12",NA,"MXE"
"181","PCBP1.C[CT]TTCC","R1",NA,"MXE"
"182","PCBP1.C[CT]TTCC","R2",3.08890095153317,"MXE"
"183","PCBP1.C[CT]TTCC","R3",NA,"MXE"
"184","PCBP1.C[CT]TTCC","R4",NA,"MXE"
"185","PCBP1.C[CT]TTCC","R5",1.95330991979225,"MXE"
"186","PCBP1.C[CT]TTCC","R6",1.74872445105689,"MXE"
"187","PCBP1.C[CT]TTCC","R7",NA,"MXE"
"188","PCBP1.C[CT]TTCC","R8",NA,"MXE"
"189","PCBP1.C[CT]TTCC","R9",NA,"MXE"
"190","PCBP1.C[CT]TTCC","R10",NA,"MXE"
"191","PCBP1.C[CT]TTCC","R11",2.28036478047262,"MXE"
"192","PCBP1.C[CT]TTCC","R12",NA,"MXE"
"193","PTB.CTCT[CT][CT]","R1",NA,"MXE"
"194","PTB.CTCT[CT][CT]","R2",2.96680742593868,"MXE"
"195","PTB.CTCT[CT][CT]","R3",2.27922315462873,"MXE"
"196","PTB.CTCT[CT][CT]","R4",NA,"MXE"
"197","PTB.CTCT[CT][CT]","R5",NA,"MXE"
"198","PTB.CTCT[CT][CT]","R6",1.96389753861086,"MXE"
"199","PTB.CTCT[CT][CT]","R7",NA,"MXE"
"200","PTB.CTCT[CT][CT]","R8",NA,"MXE"
"201","PTB.CTCT[CT][CT]","R9",NA,"MXE"
"202","PTB.CTCT[CT][CT]","R10",1.55087587329738,"MXE"
"203","PTB.CTCT[CT][CT]","R11",2.61959548590219,"MXE"
"204","PTB.CTCT[CT][CT]","R12",NA,"MXE"
"205","RBMS3.[AC]TATA[GT][AC]","R1",NA,"MXE"
"206","RBMS3.[AC]TATA[GT][AC]","R2",2.84700486983549,"MXE"
"207","RBMS3.[AC]TATA[GT][AC]","R3",NA,"MXE"
"208","RBMS3.[AC]TATA[GT][AC]","R4",NA,"MXE"
"209","RBMS3.[AC]TATA[GT][AC]","R5",1.36861972425949,"MXE"
"210","RBMS3.[AC]TATA[GT][AC]","R6",1.4590247084407,"MXE"
"211","RBMS3.[AC]TATA[GT][AC]","R7",3.61618112576343,"MXE"
"212","RBMS3.[AC]TATA[GT][AC]","R8",NA,"MXE"
"213","RBMS3.[AC]TATA[GT][AC]","R9",NA,"MXE"
"214","RBMS3.[AC]TATA[GT][AC]","R10",3.03345019022661,"MXE"
"215","RBMS3.[AC]TATA[GT][AC]","R11",2.79069564375099,"MXE"
"216","RBMS3.[AC]TATA[GT][AC]","R12",1.39963515186474,"MXE"
"217","ESRP1.TGGTGG","R1",NA,"MXE"
"218","ESRP1.TGGTGG","R2",2.78521787479295,"MXE"
"219","ESRP1.TGGTGG","R3",NA,"MXE"
"220","ESRP1.TGGTGG","R4",NA,"MXE"
"221","ESRP1.TGGTGG","R5",NA,"MXE"
"222","ESRP1.TGGTGG","R6",1.35039587922963,"MXE"
"223","ESRP1.TGGTGG","R7",NA,"MXE"
"224","ESRP1.TGGTGG","R8",NA,"MXE"
"225","ESRP1.TGGTGG","R9",NA,"MXE"
"226","ESRP1.TGGTGG","R10",2.1339793868594,"MXE"
"227","ESRP1.TGGTGG","R11",NA,"MXE"
"228","ESRP1.TGGTGG","R12",NA,"MXE"
"229","HuR.TT[AT]GTTT","R1",NA,"MXE"
"230","HuR.TT[AT]GTTT","R2",2.78309294707629,"MXE"
"231","HuR.TT[AT]GTTT","R3",3.7372878503315,"MXE"
"232","HuR.TT[AT]GTTT","R4",NA,"MXE"
"233","HuR.TT[AT]GTTT","R5",NA,"MXE"
"234","HuR.TT[AT]GTTT","R6",NA,"MXE"
"235","HuR.TT[AT]GTTT","R7",2.71375769461739,"MXE"
"236","HuR.TT[AT]GTTT","R8",NA,"MXE"
"237","HuR.TT[AT]GTTT","R9",1.63053765088137,"MXE"
"238","HuR.TT[AT]GTTT","R10",2.50075191199907,"MXE"
"239","HuR.TT[AT]GTTT","R11",1.64068076934233,"MXE"
"240","HuR.TT[AT]GTTT","R12",NA,"MXE"
"241","PABPC3.[AG]AAAAC[AC]","R1",NA,"MXE"
"242","PABPC3.[AG]AAAAC[AC]","R2",2.5945314482118,"MXE"
"243","PABPC3.[AG]AAAAC[AC]","R3",1.33530160672025,"MXE"
"244","PABPC3.[AG]AAAAC[AC]","R4",NA,"MXE"
"245","PABPC3.[AG]AAAAC[AC]","R5",1.58098088624707,"MXE"
"246","PABPC3.[AG]AAAAC[AC]","R6",NA,"MXE"
"247","PABPC3.[AG]AAAAC[AC]","R7",1.93343545323989,"MXE"
"248","PABPC3.[AG]AAAAC[AC]","R8",NA,"MXE"
"249","PABPC3.[AG]AAAAC[AC]","R9",NA,"MXE"
"250","PABPC3.[AG]AAAAC[AC]","R10",NA,"MXE"
"251","PABPC3.[AG]AAAAC[AC]","R11",1.45280480438165,"MXE"
"252","PABPC3.[AG]AAAAC[AC]","R12",NA,"MXE"
"253","SRSF1.GGAGGA","R1",NA,"MXE"
"254","SRSF1.GGAGGA","R2",2.58936215410651,"MXE"
"255","SRSF1.GGAGGA","R3",3.77315126260643,"MXE"
"256","SRSF1.GGAGGA","R4",NA,"MXE"
"257","SRSF1.GGAGGA","R5",1.33001186768269,"MXE"
"258","SRSF1.GGAGGA","R6",2.33298133805851,"MXE"
"259","SRSF1.GGAGGA","R7",NA,"MXE"
"260","SRSF1.GGAGGA","R8",NA,"MXE"
"261","SRSF1.GGAGGA","R9",NA,"MXE"
"262","SRSF1.GGAGGA","R10",2.21354835970121,"MXE"
"263","SRSF1.GGAGGA","R11",1.87113137345778,"MXE"
"264","SRSF1.GGAGGA","R12",NA,"MXE"
"265","RALY.TTTTTT[CGT]","R1",NA,"MXE"
"266","RALY.TTTTTT[CGT]","R2",2.56465407188217,"MXE"
"267","RALY.TTTTTT[CGT]","R3",3.33353696744969,"MXE"
"268","RALY.TTTTTT[CGT]","R4",1.71455619588474,"MXE"
"269","RALY.TTTTTT[CGT]","R5",NA,"MXE"
"270","RALY.TTTTTT[CGT]","R6",2.07969437125363,"MXE"
"271","RALY.TTTTTT[CGT]","R7",3.0681226427292,"MXE"
"272","RALY.TTTTTT[CGT]","R8",4.40766968189773,"MXE"
"273","RALY.TTTTTT[CGT]","R9",NA,"MXE"
"274","RALY.TTTTTT[CGT]","R10",2.70526906927236,"MXE"
"275","RALY.TTTTTT[CGT]","R11",2.62606744767458,"MXE"
"276","RALY.TTTTTT[CGT]","R12",NA,"MXE"
"277","HuR.TT[AGT]TTTT","R1",NA,"MXE"
"278","HuR.TT[AGT]TTTT","R2",2.51513508849355,"MXE"
"279","HuR.TT[AGT]TTTT","R3",2.72421718982728,"MXE"
"280","HuR.TT[AGT]TTTT","R4",NA,"MXE"
"281","HuR.TT[AGT]TTTT","R5",NA,"MXE"
"282","HuR.TT[AGT]TTTT","R6",2.21568571817148,"MXE"
"283","HuR.TT[AGT]TTTT","R7",6.25577197166372,"MXE"
"284","HuR.TT[AGT]TTTT","R8",2.39076499787069,"MXE"
"285","HuR.TT[AGT]TTTT","R9",2.74809922062163,"MXE"
"286","HuR.TT[AGT]TTTT","R10",3.17975887436263,"MXE"
"287","HuR.TT[AGT]TTTT","R11",2.57232411720531,"MXE"
"288","HuR.TT[AGT]TTTT","R12",NA,"MXE"
"289","HNRNPL.ACAC[AG]A[ACG]","R1",NA,"MXE"
"290","HNRNPL.ACAC[AG]A[ACG]","R2",2.4654673563914,"MXE"
"291","HNRNPL.ACAC[AG]A[ACG]","R3",2.09246000480657,"MXE"
"292","HNRNPL.ACAC[AG]A[ACG]","R4",2.57438792463507,"MXE"
"293","HNRNPL.ACAC[AG]A[ACG]","R5",1.99361753158049,"MXE"
"294","HNRNPL.ACAC[AG]A[ACG]","R6",2.04630636366817,"MXE"
"295","HNRNPL.ACAC[AG]A[ACG]","R7",NA,"MXE"
"296","HNRNPL.ACAC[AG]A[ACG]","R8",NA,"MXE"
"297","HNRNPL.ACAC[AG]A[ACG]","R9",NA,"MXE"
"298","HNRNPL.ACAC[AG]A[ACG]","R10",1.8280916809039,"MXE"
"299","HNRNPL.ACAC[AG]A[ACG]","R11",2.06322174746408,"MXE"
"300","HNRNPL.ACAC[AG]A[ACG]","R12",2.03772261511028,"MXE"
"301","PCBP2.CC[CT][CT]CC[ACT]","R1",NA,"MXE"
"302","PCBP2.CC[CT][CT]CC[ACT]","R2",2.40723435314688,"MXE"
"303","PCBP2.CC[CT][CT]CC[ACT]","R3",NA,"MXE"
"304","PCBP2.CC[CT][CT]CC[ACT]","R4",NA,"MXE"
"305","PCBP2.CC[CT][CT]CC[ACT]","R5",1.52525070591839,"MXE"
"306","PCBP2.CC[CT][CT]CC[ACT]","R6",NA,"MXE"
"307","PCBP2.CC[CT][CT]CC[ACT]","R7",NA,"MXE"
"308","PCBP2.CC[CT][CT]CC[ACT]","R8",NA,"MXE"
"309","PCBP2.CC[CT][CT]CC[ACT]","R9",NA,"MXE"
"310","PCBP2.CC[CT][CT]CC[ACT]","R10",1.8241752702673,"MXE"
"311","PCBP2.CC[CT][CT]CC[ACT]","R11",NA,"MXE"
"312","PCBP2.CC[CT][CT]CC[ACT]","R12",2.06214177435963,"MXE"
"313","TIA1.TTTTT[CGT][GT]","R1",NA,"MXE"
"314","TIA1.TTTTT[CGT][GT]","R2",2.39985718891956,"MXE"
"315","TIA1.TTTTT[CGT][GT]","R3",4.15103293125893,"MXE"
"316","TIA1.TTTTT[CGT][GT]","R4",NA,"MXE"
"317","TIA1.TTTTT[CGT][GT]","R5",NA,"MXE"
"318","TIA1.TTTTT[CGT][GT]","R6",2.03543130472675,"MXE"
"319","TIA1.TTTTT[CGT][GT]","R7",5.3158447275181,"MXE"
"320","TIA1.TTTTT[CGT][GT]","R8",2.38290333630034,"MXE"
"321","TIA1.TTTTT[CGT][GT]","R9",1.54748514506379,"MXE"
"322","TIA1.TTTTT[CGT][GT]","R10",3.4592919109155,"MXE"
"323","TIA1.TTTTT[CGT][GT]","R11",4.13577536937599,"MXE"
"324","TIA1.TTTTT[CGT][GT]","R12",NA,"MXE"
"325","RBM38.[GT][GT]GTGT[GT]","R1",2.39299967996896,"MXE"
"326","RBM38.[GT][GT]GTGT[GT]","R2",2.38848417157151,"MXE"
"327","RBM38.[GT][GT]GTGT[GT]","R3",2.40155802900371,"MXE"
"328","RBM38.[GT][GT]GTGT[GT]","R4",NA,"MXE"
"329","RBM38.[GT][GT]GTGT[GT]","R5",NA,"MXE"
"330","RBM38.[GT][GT]GTGT[GT]","R6",3.0472280979889,"MXE"
"331","RBM38.[GT][GT]GTGT[GT]","R7",NA,"MXE"
"332","RBM38.[GT][GT]GTGT[GT]","R8",NA,"MXE"
"333","RBM38.[GT][GT]GTGT[GT]","R9",1.42103950202657,"MXE"
"334","RBM38.[GT][GT]GTGT[GT]","R10",1.56576260666029,"MXE"
"335","RBM38.[GT][GT]GTGT[GT]","R11",NA,"MXE"
"336","RBM38.[GT][GT]GTGT[GT]","R12",NA,"MXE"
"337","SRp55.[CT][CT][AT]C[AT][GC]G","R1",NA,"MXE"
"338","SRp55.[CT][CT][AT]C[AT][GC]G","R2",2.35518984478293,"MXE"
"339","SRp55.[CT][CT][AT]C[AT][GC]G","R3",NA,"MXE"
"340","SRp55.[CT][CT][AT]C[AT][GC]G","R4",NA,"MXE"
"341","SRp55.[CT][CT][AT]C[AT][GC]G","R5",NA,"MXE"
"342","SRp55.[CT][CT][AT]C[AT][GC]G","R6",NA,"MXE"
"343","SRp55.[CT][CT][AT]C[AT][GC]G","R7",NA,"MXE"
"344","SRp55.[CT][CT][AT]C[AT][GC]G","R8",NA,"MXE"
"345","SRp55.[CT][CT][AT]C[AT][GC]G","R9",NA,"MXE"
"346","SRp55.[CT][CT][AT]C[AT][GC]G","R10",NA,"MXE"
"347","SRp55.[CT][CT][AT]C[AT][GC]G","R11",1.61714781919093,"MXE"
"348","SRp55.[CT][CT][AT]C[AT][GC]G","R12",NA,"MXE"
"349","RBM45.GACGA[AC][ACG]","R1",NA,"MXE"
"350","RBM45.GACGA[AC][ACG]","R2",2.27669162946356,"MXE"
"351","RBM45.GACGA[AC][ACG]","R3",NA,"MXE"
"352","RBM45.GACGA[AC][ACG]","R4",2.52520666857247,"MXE"
"353","RBM45.GACGA[AC][ACG]","R5",NA,"MXE"
"354","RBM45.GACGA[AC][ACG]","R6",NA,"MXE"
"355","RBM45.GACGA[AC][ACG]","R7",1.38703471629835,"MXE"
"356","RBM45.GACGA[AC][ACG]","R8",NA,"MXE"
"357","RBM45.GACGA[AC][ACG]","R9",NA,"MXE"
"358","RBM45.GACGA[AC][ACG]","R10",NA,"MXE"
"359","RBM45.GACGA[AC][ACG]","R11",NA,"MXE"
"360","RBM45.GACGA[AC][ACG]","R12",NA,"MXE"
"361","HuR.TT[GT][AG]TTT","R1",NA,"MXE"
"362","HuR.TT[GT][AG]TTT","R2",2.25836415472133,"MXE"
"363","HuR.TT[GT][AG]TTT","R3",4.09319844415349,"MXE"
"364","HuR.TT[GT][AG]TTT","R4",NA,"MXE"
"365","HuR.TT[GT][AG]TTT","R5",NA,"MXE"
"366","HuR.TT[GT][AG]TTT","R6",2.40176090432784,"MXE"
"367","HuR.TT[GT][AG]TTT","R7",5.40852429928805,"MXE"
"368","HuR.TT[GT][AG]TTT","R8",NA,"MXE"
"369","HuR.TT[GT][AG]TTT","R9",1.58385624868576,"MXE"
"370","HuR.TT[GT][AG]TTT","R10",3.13809430306858,"MXE"
"371","HuR.TT[GT][AG]TTT","R11",1.57315426159333,"MXE"
"372","HuR.TT[GT][AG]TTT","R12",NA,"MXE"
"373","HNRNPH2.GGGAGGG","R1",NA,"MXE"
"374","HNRNPH2.GGGAGGG","R2",2.25028226959932,"MXE"
"375","HNRNPH2.GGGAGGG","R3",2.24136553835037,"MXE"
"376","HNRNPH2.GGGAGGG","R4",NA,"MXE"
"377","HNRNPH2.GGGAGGG","R5",NA,"MXE"
"378","HNRNPH2.GGGAGGG","R6",1.88972791957099,"MXE"
"379","HNRNPH2.GGGAGGG","R7",NA,"MXE"
"380","HNRNPH2.GGGAGGG","R8",NA,"MXE"
"381","HNRNPH2.GGGAGGG","R9",NA,"MXE"
"382","HNRNPH2.GGGAGGG","R10",NA,"MXE"
"383","HNRNPH2.GGGAGGG","R11",1.74725153553898,"MXE"
"384","HNRNPH2.GGGAGGG","R12",NA,"MXE"
"385","RBM47.GATGA[AT]","R1",NA,"MXE"
"386","RBM47.GATGA[AT]","R2",2.24519616735867,"MXE"
"387","RBM47.GATGA[AT]","R3",2.74985370280818,"MXE"
"388","RBM47.GATGA[AT]","R4",1.5043874649292,"MXE"
"389","RBM47.GATGA[AT]","R5",NA,"MXE"
"390","RBM47.GATGA[AT]","R6",2.06832448013597,"MXE"
"391","RBM47.GATGA[AT]","R7",2.54577981735729,"MXE"
"392","RBM47.GATGA[AT]","R8",NA,"MXE"
"393","RBM47.GATGA[AT]","R9",NA,"MXE"
"394","RBM47.GATGA[AT]","R10",1.58976554092196,"MXE"
"395","RBM47.GATGA[AT]","R11",2.40689430175143,"MXE"
"396","RBM47.GATGA[AT]","R12",1.99780852027579,"MXE"
"397","DAZAP1.TAG[GT][AT][AT][AG]","R1",2.86239308222691,"MXE"
"398","DAZAP1.TAG[GT][AT][AT][AG]","R2",2.18687368389435,"MXE"
"399","DAZAP1.TAG[GT][AT][AT][AG]","R3",3.64750962175046,"MXE"
"400","DAZAP1.TAG[GT][AT][AT][AG]","R4",NA,"MXE"
"401","DAZAP1.TAG[GT][AT][AT][AG]","R5",NA,"MXE"
"402","DAZAP1.TAG[GT][AT][AT][AG]","R6",2.18724526826648,"MXE"
"403","DAZAP1.TAG[GT][AT][AT][AG]","R7",2.34587580640075,"MXE"
"404","DAZAP1.TAG[GT][AT][AT][AG]","R8",1.72374120672699,"MXE"
"405","DAZAP1.TAG[GT][AT][AT][AG]","R9",NA,"MXE"
"406","DAZAP1.TAG[GT][AT][AT][AG]","R10",4.36574646435152,"MXE"
"407","DAZAP1.TAG[GT][AT][AT][AG]","R11",2.28288398503048,"MXE"
"408","DAZAP1.TAG[GT][AT][AT][AG]","R12",NA,"MXE"
"409","FXR1.A[CT]GAC[AG]","R1",NA,"MXE"
"410","FXR1.A[CT]GAC[AG]","R2",2.1817717764948,"MXE"
"411","FXR1.A[CT]GAC[AG]","R3",NA,"MXE"
"412","FXR1.A[CT]GAC[AG]","R4",NA,"MXE"
"413","FXR1.A[CT]GAC[AG]","R5",NA,"MXE"
"414","FXR1.A[CT]GAC[AG]","R6",1.9041559434216,"MXE"
"415","FXR1.A[CT]GAC[AG]","R7",2.62869303216988,"MXE"
"416","FXR1.A[CT]GAC[AG]","R8",NA,"MXE"
"417","FXR1.A[CT]GAC[AG]","R9",NA,"MXE"
"418","FXR1.A[CT]GAC[AG]","R10",NA,"MXE"
"419","FXR1.A[CT]GAC[AG]","R11",1.92021173356016,"MXE"
"420","FXR1.A[CT]GAC[AG]","R12",NA,"MXE"
"421","RBM24.[AT]G[AT]GTG[AGT]","R1",NA,"MXE"
"422","RBM24.[AT]G[AT]GTG[AGT]","R2",2.16727222644325,"MXE"
"423","RBM24.[AT]G[AT]GTG[AGT]","R3",2.57693151796306,"MXE"
"424","RBM24.[AT]G[AT]GTG[AGT]","R4",2.18828649485433,"MXE"
"425","RBM24.[AT]G[AT]GTG[AGT]","R5",2.77743833441074,"MXE"
"426","RBM24.[AT]G[AT]GTG[AGT]","R6",2.0640049562738,"MXE"
"427","RBM24.[AT]G[AT]GTG[AGT]","R7",1.84941512964277,"MXE"
"428","RBM24.[AT]G[AT]GTG[AGT]","R8",NA,"MXE"
"429","RBM24.[AT]G[AT]GTG[AGT]","R9",NA,"MXE"
"430","RBM24.[AT]G[AT]GTG[AGT]","R10",NA,"MXE"
"431","RBM24.[AT]G[AT]GTG[AGT]","R11",NA,"MXE"
"432","RBM24.[AT]G[AT]GTG[AGT]","R12",1.53226487828708,"MXE"
"433","U2AF2.TTTTT[CT]C","R1",NA,"MXE"
"434","U2AF2.TTTTT[CT]C","R2",2.13848237361666,"MXE"
"435","U2AF2.TTTTT[CT]C","R3",2.5945314482118,"MXE"
"436","U2AF2.TTTTT[CT]C","R4",NA,"MXE"
"437","U2AF2.TTTTT[CT]C","R5",NA,"MXE"
"438","U2AF2.TTTTT[CT]C","R6",2.31993265908515,"MXE"
"439","U2AF2.TTTTT[CT]C","R7",2.42864859465234,"MXE"
"440","U2AF2.TTTTT[CT]C","R8",1.74352894228567,"MXE"
"441","U2AF2.TTTTT[CT]C","R9",NA,"MXE"
"442","U2AF2.TTTTT[CT]C","R10",1.76724948721572,"MXE"
"443","U2AF2.TTTTT[CT]C","R11",NA,"MXE"
"444","U2AF2.TTTTT[CT]C","R12",NA,"MXE"
"445","KHDRBS1.ATAAAA[ACG]","R1",NA,"MXE"
"446","KHDRBS1.ATAAAA[ACG]","R2",2.10369025681495,"MXE"
"447","KHDRBS1.ATAAAA[ACG]","R3",2.09154955821116,"MXE"
"448","KHDRBS1.ATAAAA[ACG]","R4",NA,"MXE"
"449","KHDRBS1.ATAAAA[ACG]","R5",1.57252097588736,"MXE"
"450","KHDRBS1.ATAAAA[ACG]","R6",NA,"MXE"
"451","KHDRBS1.ATAAAA[ACG]","R7",NA,"MXE"
"452","KHDRBS1.ATAAAA[ACG]","R8",NA,"MXE"
"453","KHDRBS1.ATAAAA[ACG]","R9",NA,"MXE"
"454","KHDRBS1.ATAAAA[ACG]","R10",3.34273546257977,"MXE"
"455","KHDRBS1.ATAAAA[ACG]","R11",1.42958350299388,"MXE"
"456","KHDRBS1.ATAAAA[ACG]","R12",NA,"MXE"
"457","MATR3.[AC]ATCTT[AG]","R1",1.77567033652713,"MXE"
"458","MATR3.[AC]ATCTT[AG]","R2",2.09055303325898,"MXE"
"459","MATR3.[AC]ATCTT[AG]","R3",3.0598350526514,"MXE"
"460","MATR3.[AC]ATCTT[AG]","R4",NA,"MXE"
"461","MATR3.[AC]ATCTT[AG]","R5",1.85760919142205,"MXE"
"462","MATR3.[AC]ATCTT[AG]","R6",1.369457792382,"MXE"
"463","MATR3.[AC]ATCTT[AG]","R7",NA,"MXE"
"464","MATR3.[AC]ATCTT[AG]","R8",NA,"MXE"
"465","MATR3.[AC]ATCTT[AG]","R9",1.35604092601462,"MXE"
"466","MATR3.[AC]ATCTT[AG]","R10",1.72374120672699,"MXE"
"467","MATR3.[AC]ATCTT[AG]","R11",1.48984840513676,"MXE"
"468","MATR3.[AC]ATCTT[AG]","R12",NA,"MXE"
"469","ZCRB1.G[AG][ACT]TTAA","R1",NA,"MXE"
"470","ZCRB1.G[AG][ACT]TTAA","R2",2.06630204521346,"MXE"
"471","ZCRB1.G[AG][ACT]TTAA","R3",2.20724903997985,"MXE"
"472","ZCRB1.G[AG][ACT]TTAA","R4",NA,"MXE"
"473","ZCRB1.G[AG][ACT]TTAA","R5",1.50240668637877,"MXE"
"474","ZCRB1.G[AG][ACT]TTAA","R6",1.33532523412276,"MXE"
"475","ZCRB1.G[AG][ACT]TTAA","R7",1.78100753632071,"MXE"
"476","ZCRB1.G[AG][ACT]TTAA","R8",NA,"MXE"
"477","ZCRB1.G[AG][ACT]TTAA","R9",NA,"MXE"
"478","ZCRB1.G[AG][ACT]TTAA","R10",2.93786903100833,"MXE"
"479","ZCRB1.G[AG][ACT]TTAA","R11",2.00354398987505,"MXE"
"480","ZCRB1.G[AG][ACT]TTAA","R12",NA,"MXE"
"481","ZC3H14.TTT[AGT]TTT","R1",NA,"MXE"
"482","ZC3H14.TTT[AGT]TTT","R2",2.03558295619384,"MXE"
"483","ZC3H14.TTT[AGT]TTT","R3",4.56348227994705,"MXE"
"484","ZC3H14.TTT[AGT]TTT","R4",NA,"MXE"
"485","ZC3H14.TTT[AGT]TTT","R5",NA,"MXE"
"486","ZC3H14.TTT[AGT]TTT","R6",1.71231910278952,"MXE"
"487","ZC3H14.TTT[AGT]TTT","R7",5.9832598895124,"MXE"
"488","ZC3H14.TTT[AGT]TTT","R8",NA,"MXE"
"489","ZC3H14.TTT[AGT]TTT","R9",NA,"MXE"
"490","ZC3H14.TTT[AGT]TTT","R10",3.91450303256243,"MXE"
"491","ZC3H14.TTT[AGT]TTT","R11",2.28456532274135,"MXE"
"492","ZC3H14.TTT[AGT]TTT","R12",NA,"MXE"
"493","HuR.TTT[AG][GT]TT","R1",NA,"MXE"
"494","HuR.TTT[AG][GT]TT","R2",2.01911185707459,"MXE"
"495","HuR.TTT[AG][GT]TT","R3",3.82573924078552,"MXE"
"496","HuR.TTT[AG][GT]TT","R4",NA,"MXE"
"497","HuR.TTT[AG][GT]TT","R5",NA,"MXE"
"498","HuR.TTT[AG][GT]TT","R6",2.10843870437525,"MXE"
"499","HuR.TTT[AG][GT]TT","R7",3.44185291009347,"MXE"
"500","HuR.TTT[AG][GT]TT","R8",NA,"MXE"
"501","HuR.TTT[AG][GT]TT","R9",2.03352981412752,"MXE"
"502","HuR.TTT[AG][GT]TT","R10",3.13323828586599,"MXE"
"503","HuR.TTT[AG][GT]TT","R11",1.72209262292114,"MXE"
"504","HuR.TTT[AG][GT]TT","R12",NA,"MXE"
"505","SRSF9.A[GT]GA[ACG][AC][AG]","R1",NA,"MXE"
"506","SRSF9.A[GT]GA[ACG][AC][AG]","R2",2.0136481769415,"MXE"
"507","SRSF9.A[GT]GA[ACG][AC][AG]","R3",2.84034535592931,"MXE"
"508","SRSF9.A[GT]GA[ACG][AC][AG]","R4",4.11075090429625,"MXE"
"509","SRSF9.A[GT]GA[ACG][AC][AG]","R5",2.26022256231151,"MXE"
"510","SRSF9.A[GT]GA[ACG][AC][AG]","R6",4.20135574123139,"MXE"
"511","SRSF9.A[GT]GA[ACG][AC][AG]","R7",2.32288629084858,"MXE"
"512","SRSF9.A[GT]GA[ACG][AC][AG]","R8",NA,"MXE"
"513","SRSF9.A[GT]GA[ACG][AC][AG]","R9",NA,"MXE"
"514","SRSF9.A[GT]GA[ACG][AC][AG]","R10",2.58527150360025,"MXE"
"515","SRSF9.A[GT]GA[ACG][AC][AG]","R11",3.17793468469868,"MXE"
"516","SRSF9.A[GT]GA[ACG][AC][AG]","R12",NA,"MXE"
"517","ESRP2.TGGG[AG]A[AGT]","R1",1.55772403391317,"MXE"
"518","ESRP2.TGGG[AG]A[AGT]","R2",1.9824584270541,"MXE"
"519","ESRP2.TGGG[AG]A[AGT]","R3",NA,"MXE"
"520","ESRP2.TGGG[AG]A[AGT]","R4",NA,"MXE"
"521","ESRP2.TGGG[AG]A[AGT]","R5",NA,"MXE"
"522","ESRP2.TGGG[AG]A[AGT]","R6",NA,"MXE"
"523","ESRP2.TGGG[AG]A[AGT]","R7",NA,"MXE"
"524","ESRP2.TGGG[AG]A[AGT]","R8",NA,"MXE"
"525","ESRP2.TGGG[AG]A[AGT]","R9",NA,"MXE"
"526","ESRP2.TGGG[AG]A[AGT]","R10",NA,"MXE"
"527","ESRP2.TGGG[AG]A[AGT]","R11",NA,"MXE"
"528","ESRP2.TGGG[AG]A[AGT]","R12",2.41992745901968,"MXE"
"529","PCBP1.CC[AT][AT][ACT]CC","R1",NA,"MXE"
"530","PCBP1.CC[AT][AT][ACT]CC","R2",1.98175931633419,"MXE"
"531","PCBP1.CC[AT][AT][ACT]CC","R3",NA,"MXE"
"532","PCBP1.CC[AT][AT][ACT]CC","R4",3.69532739030316,"MXE"
"533","PCBP1.CC[AT][AT][ACT]CC","R5",1.49027046695578,"MXE"
"534","PCBP1.CC[AT][AT][ACT]CC","R6",1.54444906885141,"MXE"
"535","PCBP1.CC[AT][AT][ACT]CC","R7",NA,"MXE"
"536","PCBP1.CC[AT][AT][ACT]CC","R8",NA,"MXE"
"537","PCBP1.CC[AT][AT][ACT]CC","R9",NA,"MXE"
"538","PCBP1.CC[AT][AT][ACT]CC","R10",1.34775434910276,"MXE"
"539","PCBP1.CC[AT][AT][ACT]CC","R11",1.47759883010552,"MXE"
"540","PCBP1.CC[AT][AT][ACT]CC","R12",NA,"MXE"
"541","MSI1.TAG[GT][AT][AG]G","R1",1.93635423131455,"MXE"
"542","MSI1.TAG[GT][AT][AG]G","R2",1.97971696635212,"MXE"
"543","MSI1.TAG[GT][AT][AG]G","R3",1.47797418907705,"MXE"
"544","MSI1.TAG[GT][AT][AG]G","R4",NA,"MXE"
"545","MSI1.TAG[GT][AT][AG]G","R5",NA,"MXE"
"546","MSI1.TAG[GT][AT][AG]G","R6",1.91664586771516,"MXE"
"547","MSI1.TAG[GT][AT][AG]G","R7",NA,"MXE"
"548","MSI1.TAG[GT][AT][AG]G","R8",1.3444359274276,"MXE"
"549","MSI1.TAG[GT][AT][AG]G","R9",2.27076838448,"MXE"
"550","MSI1.TAG[GT][AT][AG]G","R10",1.63417623403267,"MXE"
"551","MSI1.TAG[GT][AT][AG]G","R11",NA,"MXE"
"552","MSI1.TAG[GT][AT][AG]G","R12",NA,"MXE"
"553","RBM28.G[AT]GTAG[AGT]","R1",NA,"MXE"
"554","RBM28.G[AT]GTAG[AGT]","R2",1.94896321601127,"MXE"
"555","RBM28.G[AT]GTAG[AGT]","R3",2.25028226959932,"MXE"
"556","RBM28.G[AT]GTAG[AGT]","R4",1.65671023448619,"MXE"
"557","RBM28.G[AT]GTAG[AGT]","R5",2.00932805061855,"MXE"
"558","RBM28.G[AT]GTAG[AGT]","R6",2.7783566618699,"MXE"
"559","RBM28.G[AT]GTAG[AGT]","R7",2.36721507510705,"MXE"
"560","RBM28.G[AT]GTAG[AGT]","R8",NA,"MXE"
"561","RBM28.G[AT]GTAG[AGT]","R9",NA,"MXE"
"562","RBM28.G[AT]GTAG[AGT]","R10",NA,"MXE"
"563","RBM28.G[AT]GTAG[AGT]","R11",2.46386108377896,"MXE"
"564","RBM28.G[AT]GTAG[AGT]","R12",NA,"MXE"
"565","SFPQ.[GT]T[AG][AG]T[GT][GT]","R1",NA,"MXE"
"566","SFPQ.[GT]T[AG][AG]T[GT][GT]","R2",1.93937879729537,"MXE"
"567","SFPQ.[GT]T[AG][AG]T[GT][GT]","R3",2.67678172747226,"MXE"
"568","SFPQ.[GT]T[AG][AG]T[GT][GT]","R4",1.49471731991216,"MXE"
"569","SFPQ.[GT]T[AG][AG]T[GT][GT]","R5",NA,"MXE"
"570","SFPQ.[GT]T[AG][AG]T[GT][GT]","R6",2.3475584519543,"MXE"
"571","SFPQ.[GT]T[AG][AG]T[GT][GT]","R7",3.98249607850533,"MXE"
"572","SFPQ.[GT]T[AG][AG]T[GT][GT]","R8",NA,"MXE"
"573","SFPQ.[GT]T[AG][AG]T[GT][GT]","R9",NA,"MXE"
"574","SFPQ.[GT]T[AG][AG]T[GT][GT]","R10",2.95265891976336,"MXE"
"575","SFPQ.[GT]T[AG][AG]T[GT][GT]","R11",2.69548780655845,"MXE"
"576","SFPQ.[GT]T[AG][AG]T[GT][GT]","R12",NA,"MXE"
"577","CPEB2.C[ACT]TTTTT","R1",NA,"MXE"
"578","CPEB2.C[ACT]TTTTT","R2",1.93858044531672,"MXE"
"579","CPEB2.C[ACT]TTTTT","R3",2.24455530260622,"MXE"
"580","CPEB2.C[ACT]TTTTT","R4",1.71526067132246,"MXE"
"581","CPEB2.C[ACT]TTTTT","R5",NA,"MXE"
"582","CPEB2.C[ACT]TTTTT","R6",1.31139705344619,"MXE"
"583","CPEB2.C[ACT]TTTTT","R7",1.69277483719693,"MXE"
"584","CPEB2.C[ACT]TTTTT","R8",NA,"MXE"
"585","CPEB2.C[ACT]TTTTT","R9",NA,"MXE"
"586","CPEB2.C[ACT]TTTTT","R10",1.423421399461,"MXE"
"587","CPEB2.C[ACT]TTTTT","R11",2.12026555168916,"MXE"
"588","CPEB2.C[ACT]TTTTT","R12",NA,"MXE"
"589","FMR1.[GT]GACA[AG]G","R1",NA,"MXE"
"590","FMR1.[GT]GACA[AG]G","R2",1.91953663981464,"MXE"
"591","FMR1.[GT]GACA[AG]G","R3",1.47338423126907,"MXE"
"592","FMR1.[GT]GACA[AG]G","R4",1.39178119744332,"MXE"
"593","FMR1.[GT]GACA[AG]G","R5",2.59178169054882,"MXE"
"594","FMR1.[GT]GACA[AG]G","R6",2.87299421691506,"MXE"
"595","FMR1.[GT]GACA[AG]G","R7",NA,"MXE"
"596","FMR1.[GT]GACA[AG]G","R8",NA,"MXE"
"597","FMR1.[GT]GACA[AG]G","R9",NA,"MXE"
"598","FMR1.[GT]GACA[AG]G","R10",NA,"MXE"
"599","FMR1.[GT]GACA[AG]G","R11",NA,"MXE"
"600","FMR1.[GT]GACA[AG]G","R12",1.81810264457244,"MXE"
"601","BRUNOL5.TGTGT[GT][GT]","R1",NA,"MXE"
"602","BRUNOL5.TGTGT[GT][GT]","R2",1.89823626831076,"MXE"
"603","BRUNOL5.TGTGT[GT][GT]","R3",1.72791487344425,"MXE"
"604","BRUNOL5.TGTGT[GT][GT]","R4",NA,"MXE"
"605","BRUNOL5.TGTGT[GT][GT]","R5",NA,"MXE"
"606","BRUNOL5.TGTGT[GT][GT]","R6",2.34591595225379,"MXE"
"607","BRUNOL5.TGTGT[GT][GT]","R7",2.40746753442301,"MXE"
"608","BRUNOL5.TGTGT[GT][GT]","R8",1.60083542750289,"MXE"
"609","BRUNOL5.TGTGT[GT][GT]","R9",1.87052978614145,"MXE"
"610","BRUNOL5.TGTGT[GT][GT]","R10",2.40258904422162,"MXE"
"611","BRUNOL5.TGTGT[GT][GT]","R11",1.67998405017003,"MXE"
"612","BRUNOL5.TGTGT[GT][GT]","R12",NA,"MXE"
"613","SRSF1.G[AG]AGGA","R1",NA,"MXE"
"614","SRSF1.G[AG]AGGA","R2",1.88236373630533,"MXE"
"615","SRSF1.G[AG]AGGA","R3",2.17270004934896,"MXE"
"616","SRSF1.G[AG]AGGA","R4",NA,"MXE"
"617","SRSF1.G[AG]AGGA","R5",1.58439002731002,"MXE"
"618","SRSF1.G[AG]AGGA","R6",1.52767741973722,"MXE"
"619","SRSF1.G[AG]AGGA","R7",1.56293891496811,"MXE"
"620","SRSF1.G[AG]AGGA","R8",NA,"MXE"
"621","SRSF1.G[AG]AGGA","R9",NA,"MXE"
"622","SRSF1.G[AG]AGGA","R10",3.24960632474206,"MXE"
"623","SRSF1.G[AG]AGGA","R11",2.11522211990122,"MXE"
"624","SRSF1.G[AG]AGGA","R12",NA,"MXE"
"625","SNRNP70.[AG][AT]TCAAG","R1",NA,"MXE"
"626","SNRNP70.[AG][AT]TCAAG","R2",1.85046980350358,"MXE"
"627","SNRNP70.[AG][AT]TCAAG","R3",2.99017290312344,"MXE"
"628","SNRNP70.[AG][AT]TCAAG","R4",NA,"MXE"
"629","SNRNP70.[AG][AT]TCAAG","R5",NA,"MXE"
"630","SNRNP70.[AG][AT]TCAAG","R6",NA,"MXE"
"631","SNRNP70.[AG][AT]TCAAG","R7",1.76894332227285,"MXE"
"632","SNRNP70.[AG][AT]TCAAG","R8",NA,"MXE"
"633","SNRNP70.[AG][AT]TCAAG","R9",NA,"MXE"
"634","SNRNP70.[AG][AT]TCAAG","R10",1.84759390175464,"MXE"
"635","SNRNP70.[AG][AT]TCAAG","R11",1.35023788079978,"MXE"
"636","SNRNP70.[AG][AT]TCAAG","R12",NA,"MXE"
"637","HuR.TTTTTT[GT]","R1",NA,"MXE"
"638","HuR.TTTTTT[GT]","R2",1.73860492714986,"MXE"
"639","HuR.TTTTTT[GT]","R3",3.4509165047952,"MXE"
"640","HuR.TTTTTT[GT]","R4",NA,"MXE"
"641","HuR.TTTTTT[GT]","R5",NA,"MXE"
"642","HuR.TTTTTT[GT]","R6",2.00408254974473,"MXE"
"643","HuR.TTTTTT[GT]","R7",2.96600485552634,"MXE"
"644","HuR.TTTTTT[GT]","R8",1.83510504974031,"MXE"
"645","HuR.TTTTTT[GT]","R9",NA,"MXE"
"646","HuR.TTTTTT[GT]","R10",3.00910631248886,"MXE"
"647","HuR.TTTTTT[GT]","R11",2.3652564945193,"MXE"
"648","HuR.TTTTTT[GT]","R12",NA,"MXE"
"649","Tra2-beta.GAAAGAA","R1",NA,"MXE"
"650","Tra2-beta.GAAAGAA","R2",1.71455619588474,"MXE"
"651","Tra2-beta.GAAAGAA","R3",NA,"MXE"
"652","Tra2-beta.GAAAGAA","R4",NA,"MXE"
"653","Tra2-beta.GAAAGAA","R5",NA,"MXE"
"654","Tra2-beta.GAAAGAA","R6",2.11192063513989,"MXE"
"655","Tra2-beta.GAAAGAA","R7",1.31952857670103,"MXE"
"656","Tra2-beta.GAAAGAA","R8",NA,"MXE"
"657","Tra2-beta.GAAAGAA","R9",NA,"MXE"
"658","Tra2-beta.GAAAGAA","R10",2.16926729342731,"MXE"
"659","Tra2-beta.GAAAGAA","R11",2.06216147964333,"MXE"
"660","Tra2-beta.GAAAGAA","R12",NA,"MXE"
"661","MBNL1.GCTTGC","R1",NA,"MXE"
"662","MBNL1.GCTTGC","R2",1.71033993906927,"MXE"
"663","MBNL1.GCTTGC","R3",1.73418882049318,"MXE"
"664","MBNL1.GCTTGC","R4",NA,"MXE"
"665","MBNL1.GCTTGC","R5",NA,"MXE"
"666","MBNL1.GCTTGC","R6",NA,"MXE"
"667","MBNL1.GCTTGC","R7",2.18549743286409,"MXE"
"668","MBNL1.GCTTGC","R8",NA,"MXE"
"669","MBNL1.GCTTGC","R9",1.60130305109819,"MXE"
"670","MBNL1.GCTTGC","R10",2.1575528802953,"MXE"
"671","MBNL1.GCTTGC","R11",NA,"MXE"
"672","MBNL1.GCTTGC","R12",NA,"MXE"
"673","CPEB4.TTTTTT","R1",NA,"MXE"
"674","CPEB4.TTTTTT","R2",1.65972360822843,"MXE"
"675","CPEB4.TTTTTT","R3",3.63296951498361,"MXE"
"676","CPEB4.TTTTTT","R4",2.49032191899301,"MXE"
"677","CPEB4.TTTTTT","R5",NA,"MXE"
"678","CPEB4.TTTTTT","R6",1.8636411766318,"MXE"
"679","CPEB4.TTTTTT","R7",2.72740853930297,"MXE"
"680","CPEB4.TTTTTT","R8",4.38261371037663,"MXE"
"681","CPEB4.TTTTTT","R9",NA,"MXE"
"682","CPEB4.TTTTTT","R10",1.91334534142437,"MXE"
"683","CPEB4.TTTTTT","R11",1.66645942787987,"MXE"
"684","CPEB4.TTTTTT","R12",NA,"MXE"
"685","YBX1.AACATC","R1",NA,"MXE"
"686","YBX1.AACATC","R2",1.65452307042746,"MXE"
"687","YBX1.AACATC","R3",1.88708933723452,"MXE"
"688","YBX1.AACATC","R4",NA,"MXE"
"689","YBX1.AACATC","R5",1.92666243693469,"MXE"
"690","YBX1.AACATC","R6",2.93250214489654,"MXE"
"691","YBX1.AACATC","R7",2.51539445772621,"MXE"
"692","YBX1.AACATC","R8",NA,"MXE"
"693","YBX1.AACATC","R9",NA,"MXE"
"694","YBX1.AACATC","R10",2.68996674446557,"MXE"
"695","YBX1.AACATC","R11",2.68996674446557,"MXE"
"696","YBX1.AACATC","R12",NA,"MXE"
"697","TARDBP.GAATG[AGT]","R1",NA,"MXE"
"698","TARDBP.GAATG[AGT]","R2",1.62491411793137,"MXE"
"699","TARDBP.GAATG[AGT]","R3",2.70288294024494,"MXE"
"700","TARDBP.GAATG[AGT]","R4",1.77575498399815,"MXE"
"701","TARDBP.GAATG[AGT]","R5",2.88283147463186,"MXE"
"702","TARDBP.GAATG[AGT]","R6",2.57392079302893,"MXE"
"703","TARDBP.GAATG[AGT]","R7",1.64944730853356,"MXE"
"704","TARDBP.GAATG[AGT]","R8",NA,"MXE"
"705","TARDBP.GAATG[AGT]","R9",NA,"MXE"
"706","TARDBP.GAATG[AGT]","R10",2.01592326650922,"MXE"
"707","TARDBP.GAATG[AGT]","R11",2.09168929179328,"MXE"
"708","TARDBP.GAATG[AGT]","R12",NA,"MXE"
"709","SRSF9.[GT]G[AG][AT]G[GC][AC]","R1",NA,"MXE"
"710","SRSF9.[GT]G[AG][AT]G[GC][AC]","R2",1.60707431344329,"MXE"
"711","SRSF9.[GT]G[AG][AT]G[GC][AC]","R3",3.88489584807276,"MXE"
"712","SRSF9.[GT]G[AG][AT]G[GC][AC]","R4",2.21656279431823,"MXE"
"713","SRSF9.[GT]G[AG][AT]G[GC][AC]","R5",NA,"MXE"
"714","SRSF9.[GT]G[AG][AT]G[GC][AC]","R6",NA,"MXE"
"715","SRSF9.[GT]G[AG][AT]G[GC][AC]","R7",NA,"MXE"
"716","SRSF9.[GT]G[AG][AT]G[GC][AC]","R8",NA,"MXE"
"717","SRSF9.[GT]G[AG][AT]G[GC][AC]","R9",NA,"MXE"
"718","SRSF9.[GT]G[AG][AT]G[GC][AC]","R10",3.62510334061687,"MXE"
"719","SRSF9.[GT]G[AG][AT]G[GC][AC]","R11",NA,"MXE"
"720","SRSF9.[GT]G[AG][AT]G[GC][AC]","R12",NA,"MXE"
"721","SF2-ASF.[AG]GAAGAAC","R1",NA,"MXE"
"722","SF2-ASF.[AG]GAAGAAC","R2",1.56590491817686,"MXE"
"723","SF2-ASF.[AG]GAAGAAC","R3",1.5345364415278,"MXE"
"724","SF2-ASF.[AG]GAAGAAC","R4",1.31944515127008,"MXE"
"725","SF2-ASF.[AG]GAAGAAC","R5",NA,"MXE"
"726","SF2-ASF.[AG]GAAGAAC","R6",1.73838739959703,"MXE"
"727","SF2-ASF.[AG]GAAGAAC","R7",2.46205722226541,"MXE"
"728","SF2-ASF.[AG]GAAGAAC","R8",NA,"MXE"
"729","SF2-ASF.[AG]GAAGAAC","R9",NA,"MXE"
"730","SF2-ASF.[AG]GAAGAAC","R10",NA,"MXE"
"731","SF2-ASF.[AG]GAAGAAC","R11",NA,"MXE"
"732","SF2-ASF.[AG]GAAGAAC","R12",1.41472397539802,"MXE"
"733","KHDRBS2.[AG]ATAAA[AC]","R1",NA,"MXE"
"734","KHDRBS2.[AG]ATAAA[AC]","R2",1.55401243542051,"MXE"
"735","KHDRBS2.[AG]ATAAA[AC]","R3",4.48591862827667,"MXE"
"736","KHDRBS2.[AG]ATAAA[AC]","R4",NA,"MXE"
"737","KHDRBS2.[AG]ATAAA[AC]","R5",1.77730796471579,"MXE"
"738","KHDRBS2.[AG]ATAAA[AC]","R6",NA,"MXE"
"739","KHDRBS2.[AG]ATAAA[AC]","R7",1.5449085113428,"MXE"
"740","KHDRBS2.[AG]ATAAA[AC]","R8",NA,"MXE"
"741","KHDRBS2.[AG]ATAAA[AC]","R9",NA,"MXE"
"742","KHDRBS2.[AG]ATAAA[AC]","R10",2.32724229966663,"MXE"
"743","KHDRBS2.[AG]ATAAA[AC]","R11",1.81915343687425,"MXE"
"744","KHDRBS2.[AG]ATAAA[AC]","R12",NA,"MXE"
"745","RBM42.AACTA[AC]G","R1",NA,"MXE"
"746","RBM42.AACTA[AC]G","R2",1.5345364415278,"MXE"
"747","RBM42.AACTA[AC]G","R3",NA,"MXE"
"748","RBM42.AACTA[AC]G","R4",NA,"MXE"
"749","RBM42.AACTA[AC]G","R5",NA,"MXE"
"750","RBM42.AACTA[AC]G","R6",NA,"MXE"
"751","RBM42.AACTA[AC]G","R7",1.99996918853792,"MXE"
"752","RBM42.AACTA[AC]G","R8",NA,"MXE"
"753","RBM42.AACTA[AC]G","R9",NA,"MXE"
"754","RBM42.AACTA[AC]G","R10",1.4462489342641,"MXE"
"755","RBM42.AACTA[AC]G","R11",1.84129146220996,"MXE"
"756","RBM42.AACTA[AC]G","R12",NA,"MXE"
"757","HNRNPA1.[AGT]TAGGG[AT]","R1",2.46205722226541,"MXE"
"758","HNRNPA1.[AGT]TAGGG[AT]","R2",1.52767632998385,"MXE"
"759","HNRNPA1.[AGT]TAGGG[AT]","R3",NA,"MXE"
"760","HNRNPA1.[AGT]TAGGG[AT]","R4",2.61304254208838,"MXE"
"761","HNRNPA1.[AGT]TAGGG[AT]","R5",NA,"MXE"
"762","HNRNPA1.[AGT]TAGGG[AT]","R6",2.78688429313881,"MXE"
"763","HNRNPA1.[AGT]TAGGG[AT]","R7",1.40034649529549,"MXE"
"764","HNRNPA1.[AGT]TAGGG[AT]","R8",NA,"MXE"
"765","HNRNPA1.[AGT]TAGGG[AT]","R9",NA,"MXE"
"766","HNRNPA1.[AGT]TAGGG[AT]","R10",2.10727694717117,"MXE"
"767","HNRNPA1.[AGT]TAGGG[AT]","R11",NA,"MXE"
"768","HNRNPA1.[AGT]TAGGG[AT]","R12",NA,"MXE"
"769","HNRNPA1L2.[AGT]TAGGG[AT]","R1",2.46205722226541,"MXE"
"770","HNRNPA1L2.[AGT]TAGGG[AT]","R2",1.52767632998385,"MXE"
"771","HNRNPA1L2.[AGT]TAGGG[AT]","R3",NA,"MXE"
"772","HNRNPA1L2.[AGT]TAGGG[AT]","R4",2.61304254208838,"MXE"
"773","HNRNPA1L2.[AGT]TAGGG[AT]","R5",NA,"MXE"
"774","HNRNPA1L2.[AGT]TAGGG[AT]","R6",2.78688429313881,"MXE"
"775","HNRNPA1L2.[AGT]TAGGG[AT]","R7",1.40034649529549,"MXE"
"776","HNRNPA1L2.[AGT]TAGGG[AT]","R8",NA,"MXE"
"777","HNRNPA1L2.[AGT]TAGGG[AT]","R9",NA,"MXE"
"778","HNRNPA1L2.[AGT]TAGGG[AT]","R10",2.10727694717117,"MXE"
"779","HNRNPA1L2.[AGT]TAGGG[AT]","R11",NA,"MXE"
"780","HNRNPA1L2.[AGT]TAGGG[AT]","R12",NA,"MXE"
"781","HNRNPA2B1.[AGT]TAGGG[AT]","R1",2.46205722226541,"MXE"
"782","HNRNPA2B1.[AGT]TAGGG[AT]","R2",1.52767632998385,"MXE"
"783","HNRNPA2B1.[AGT]TAGGG[AT]","R3",NA,"MXE"
"784","HNRNPA2B1.[AGT]TAGGG[AT]","R4",2.61304254208838,"MXE"
"785","HNRNPA2B1.[AGT]TAGGG[AT]","R5",NA,"MXE"
"786","HNRNPA2B1.[AGT]TAGGG[AT]","R6",2.78688429313881,"MXE"
"787","HNRNPA2B1.[AGT]TAGGG[AT]","R7",1.40034649529549,"MXE"
"788","HNRNPA2B1.[AGT]TAGGG[AT]","R8",NA,"MXE"
"789","HNRNPA2B1.[AGT]TAGGG[AT]","R9",NA,"MXE"
"790","HNRNPA2B1.[AGT]TAGGG[AT]","R10",2.10727694717117,"MXE"
"791","HNRNPA2B1.[AGT]TAGGG[AT]","R11",NA,"MXE"
"792","HNRNPA2B1.[AGT]TAGGG[AT]","R12",NA,"MXE"
"793","TIA1.[AT]TTTTT[CGT]","R1",NA,"MXE"
"794","TIA1.[AT]TTTTT[CGT]","R2",1.50804610012957,"MXE"
"795","TIA1.[AT]TTTTT[CGT]","R3",3.53988480154276,"MXE"
"796","TIA1.[AT]TTTTT[CGT]","R4",NA,"MXE"
"797","TIA1.[AT]TTTTT[CGT]","R5",NA,"MXE"
"798","TIA1.[AT]TTTTT[CGT]","R6",2.3233496163017,"MXE"
"799","TIA1.[AT]TTTTT[CGT]","R7",5.42295520966827,"MXE"
"800","TIA1.[AT]TTTTT[CGT]","R8",2.84430240037815,"MXE"
"801","TIA1.[AT]TTTTT[CGT]","R9",1.30988054737359,"MXE"
"802","TIA1.[AT]TTTTT[CGT]","R10",2.82282992732716,"MXE"
"803","TIA1.[AT]TTTTT[CGT]","R11",1.31200100043012,"MXE"
"804","TIA1.[AT]TTTTT[CGT]","R12",NA,"MXE"
"805","SRp20.[AT]C[AT][AT]C","R1",NA,"MXE"
"806","SRp20.[AT]C[AT][AT]C","R2",1.48182770389699,"MXE"
"807","SRp20.[AT]C[AT][AT]C","R3",NA,"MXE"
"808","SRp20.[AT]C[AT][AT]C","R4",2.38194299181773,"MXE"
"809","SRp20.[AT]C[AT][AT]C","R5",7.58352338528825,"MXE"
"810","SRp20.[AT]C[AT][AT]C","R6",NA,"MXE"
"811","SRp20.[AT]C[AT][AT]C","R7",2.75757832836801,"MXE"
"812","SRp20.[AT]C[AT][AT]C","R8",NA,"MXE"
"813","SRp20.[AT]C[AT][AT]C","R9",NA,"MXE"
"814","SRp20.[AT]C[AT][AT]C","R10",NA,"MXE"
"815","SRp20.[AT]C[AT][AT]C","R11",3.54100262742395,"MXE"
"816","SRp20.[AT]C[AT][AT]C","R12",NA,"MXE"
"817","ZNF638.[CGT]GTT[GC][GT]T","R1",1.52783992209661,"MXE"
"818","ZNF638.[CGT]GTT[GC][GT]T","R2",1.46355443329231,"MXE"
"819","ZNF638.[CGT]GTT[GC][GT]T","R3",2.65019804776442,"MXE"
"820","ZNF638.[CGT]GTT[GC][GT]T","R4",1.45061535392646,"MXE"
"821","ZNF638.[CGT]GTT[GC][GT]T","R5",NA,"MXE"
"822","ZNF638.[CGT]GTT[GC][GT]T","R6",2.36471842387723,"MXE"
"823","ZNF638.[CGT]GTT[GC][GT]T","R7",1.85823426223544,"MXE"
"824","ZNF638.[CGT]GTT[GC][GT]T","R8",NA,"MXE"
"825","ZNF638.[CGT]GTT[GC][GT]T","R9",NA,"MXE"
"826","ZNF638.[CGT]GTT[GC][GT]T","R10",2.08413196528331,"MXE"
"827","ZNF638.[CGT]GTT[GC][GT]T","R11",NA,"MXE"
"828","ZNF638.[CGT]GTT[GC][GT]T","R12",NA,"MXE"
"829","RBFOX1.[AT]GCATG[AC]","R1",NA,"MXE"
"830","RBFOX1.[AT]GCATG[AC]","R2",NA,"MXE"
"831","RBFOX1.[AT]GCATG[AC]","R3",NA,"MXE"
"832","RBFOX1.[AT]GCATG[AC]","R4",NA,"MXE"
"833","RBFOX1.[AT]GCATG[AC]","R5",NA,"MXE"
"834","RBFOX1.[AT]GCATG[AC]","R6",2.20825688455407,"MXE"
"835","RBFOX1.[AT]GCATG[AC]","R7",2.03397134010837,"MXE"
"836","RBFOX1.[AT]GCATG[AC]","R8",NA,"MXE"
"837","RBFOX1.[AT]GCATG[AC]","R9",NA,"MXE"
"838","RBFOX1.[AT]GCATG[AC]","R10",1.79469291050555,"MXE"
"839","RBFOX1.[AT]GCATG[AC]","R11",NA,"MXE"
"840","RBFOX1.[AT]GCATG[AC]","R12",2.58980075060218,"MXE"
"841","RBM46.[AG]AT[GC]A[AT][AGT]","R1",NA,"MXE"
"842","RBM46.[AG]AT[GC]A[AT][AGT]","R2",NA,"MXE"
"843","RBM46.[AG]AT[GC]A[AT][AGT]","R3",1.51758793812328,"MXE"
"844","RBM46.[AG]AT[GC]A[AT][AGT]","R4",2.33410635569702,"MXE"
"845","RBM46.[AG]AT[GC]A[AT][AGT]","R5",NA,"MXE"
"846","RBM46.[AG]AT[GC]A[AT][AGT]","R6",1.91079179591734,"MXE"
"847","RBM46.[AG]AT[GC]A[AT][AGT]","R7",2.95215542648229,"MXE"
"848","RBM46.[AG]AT[GC]A[AT][AGT]","R8",NA,"MXE"
"849","RBM46.[AG]AT[GC]A[AT][AGT]","R9",NA,"MXE"
"850","RBM46.[AG]AT[GC]A[AT][AGT]","R10",2.3594687309377,"MXE"
"851","RBM46.[AG]AT[GC]A[AT][AGT]","R11",NA,"MXE"
"852","RBM46.[AG]AT[GC]A[AT][AGT]","R12",NA,"MXE"
"853","RBM6.[ACT]ATCCA[AG]","R1",2.56179310263172,"MXE"
"854","RBM6.[ACT]ATCCA[AG]","R2",NA,"MXE"
"855","RBM6.[ACT]ATCCA[AG]","R3",1.74858529029043,"MXE"
"856","RBM6.[ACT]ATCCA[AG]","R4",2.392812456833,"MXE"
"857","RBM6.[ACT]ATCCA[AG]","R5",NA,"MXE"
"858","RBM6.[ACT]ATCCA[AG]","R6",1.3375350441228,"MXE"
"859","RBM6.[ACT]ATCCA[AG]","R7",NA,"MXE"
"860","RBM6.[ACT]ATCCA[AG]","R8",2.30517363927125,"MXE"
"861","RBM6.[ACT]ATCCA[AG]","R9",1.87252921508207,"MXE"
"862","RBM6.[ACT]ATCCA[AG]","R10",NA,"MXE"
"863","RBM6.[ACT]ATCCA[AG]","R11",1.58352060249454,"MXE"
"864","RBM6.[ACT]ATCCA[AG]","R12",NA,"MXE"
"865","ANKHD1.AGACG[AT][AT]","R1",NA,"MXE"
"866","ANKHD1.AGACG[AT][AT]","R2",NA,"MXE"
"867","ANKHD1.AGACG[AT][AT]","R3",1.39753299880744,"MXE"
"868","ANKHD1.AGACG[AT][AT]","R4",NA,"MXE"
"869","ANKHD1.AGACG[AT][AT]","R5",NA,"MXE"
"870","ANKHD1.AGACG[AT][AT]","R6",2.57089387561077,"MXE"
"871","ANKHD1.AGACG[AT][AT]","R7",NA,"MXE"
"872","ANKHD1.AGACG[AT][AT]","R8",NA,"MXE"
"873","ANKHD1.AGACG[AT][AT]","R9",NA,"MXE"
"874","ANKHD1.AGACG[AT][AT]","R10",NA,"MXE"
"875","ANKHD1.AGACG[AT][AT]","R11",NA,"MXE"
"876","ANKHD1.AGACG[AT][AT]","R12",NA,"MXE"
"877","G3BP2.AGGAT[AGT][AG]","R1",NA,"MXE"
"878","G3BP2.AGGAT[AGT][AG]","R2",NA,"MXE"
"879","G3BP2.AGGAT[AGT][AG]","R3",NA,"MXE"
"880","G3BP2.AGGAT[AGT][AG]","R4",2.11439851452695,"MXE"
"881","G3BP2.AGGAT[AGT][AG]","R5",2.5727513751571,"MXE"
"882","G3BP2.AGGAT[AGT][AG]","R6",NA,"MXE"
"883","G3BP2.AGGAT[AGT][AG]","R7",NA,"MXE"
"884","G3BP2.AGGAT[AGT][AG]","R8",NA,"MXE"
"885","G3BP2.AGGAT[AGT][AG]","R9",NA,"MXE"
"886","G3BP2.AGGAT[AGT][AG]","R10",NA,"MXE"
"887","G3BP2.AGGAT[AGT][AG]","R11",1.36037210517686,"MXE"
"888","G3BP2.AGGAT[AGT][AG]","R12",NA,"MXE"
"889","BRUNOL4.[GT]GTGT[GT][GT]","R1",NA,"MXE"
"890","BRUNOL4.[GT]GTGT[GT][GT]","R2",NA,"MXE"
"891","BRUNOL4.[GT]GTGT[GT][GT]","R3",1.70745297602356,"MXE"
"892","BRUNOL4.[GT]GTGT[GT][GT]","R4",NA,"MXE"
"893","BRUNOL4.[GT]GTGT[GT][GT]","R5",NA,"MXE"
"894","BRUNOL4.[GT]GTGT[GT][GT]","R6",2.58885582779728,"MXE"
"895","BRUNOL4.[GT]GTGT[GT][GT]","R7",2.30147865100934,"MXE"
"896","BRUNOL4.[GT]GTGT[GT][GT]","R8",NA,"MXE"
"897","BRUNOL4.[GT]GTGT[GT][GT]","R9",NA,"MXE"
"898","BRUNOL4.[GT]GTGT[GT][GT]","R10",4.01332997463127,"MXE"
"899","BRUNOL4.[GT]GTGT[GT][GT]","R11",1.49333222265715,"MXE"
"900","BRUNOL4.[GT]GTGT[GT][GT]","R12",NA,"MXE"
"901","RBMS3.[ACT]ATATA","R1",NA,"MXE"
"902","RBMS3.[ACT]ATATA","R2",NA,"MXE"
"903","RBMS3.[ACT]ATATA","R3",1.33299482257947,"MXE"
"904","RBMS3.[ACT]ATATA","R4",2.42792340941367,"MXE"
"905","RBMS3.[ACT]ATATA","R5",1.50911971041163,"MXE"
"906","RBMS3.[ACT]ATATA","R6",2.78218240086728,"MXE"
"907","RBMS3.[ACT]ATATA","R7",3.89715900587556,"MXE"
"908","RBMS3.[ACT]ATATA","R8",NA,"MXE"
"909","RBMS3.[ACT]ATATA","R9",NA,"MXE"
"910","RBMS3.[ACT]ATATA","R10",2.07819576087038,"MXE"
"911","RBMS3.[ACT]ATATA","R11",3.21706023929587,"MXE"
"912","RBMS3.[ACT]ATATA","R12",NA,"MXE"
"913","A1CF.[AT]TAATT[AG]","R1",NA,"MXE"
"914","A1CF.[AT]TAATT[AG]","R2",NA,"MXE"
"915","A1CF.[AT]TAATT[AG]","R3",1.58155222920597,"MXE"
"916","A1CF.[AT]TAATT[AG]","R4",NA,"MXE"
"917","A1CF.[AT]TAATT[AG]","R5",NA,"MXE"
"918","A1CF.[AT]TAATT[AG]","R6",2.96236643947426,"MXE"
"919","A1CF.[AT]TAATT[AG]","R7",1.79632172867933,"MXE"
"920","A1CF.[AT]TAATT[AG]","R8",NA,"MXE"
"921","A1CF.[AT]TAATT[AG]","R9",NA,"MXE"
"922","A1CF.[AT]TAATT[AG]","R10",2.97937009951163,"MXE"
"923","A1CF.[AT]TAATT[AG]","R11",1.46330855436396,"MXE"
"924","A1CF.[AT]TAATT[AG]","R12",NA,"MXE"
"925","9G8.[AT]GGAC[AG]A","R1",NA,"MXE"
"926","9G8.[AT]GGAC[AG]A","R2",NA,"MXE"
"927","9G8.[AT]GGAC[AG]A","R3",NA,"MXE"
"928","9G8.[AT]GGAC[AG]A","R4",1.39178119744332,"MXE"
"929","9G8.[AT]GGAC[AG]A","R5",NA,"MXE"
"930","9G8.[AT]GGAC[AG]A","R6",1.93635423131455,"MXE"
"931","9G8.[AT]GGAC[AG]A","R7",1.55899059187647,"MXE"
"932","9G8.[AT]GGAC[AG]A","R8",NA,"MXE"
"933","9G8.[AT]GGAC[AG]A","R9",NA,"MXE"
"934","9G8.[AT]GGAC[AG]A","R10",NA,"MXE"
"935","9G8.[AT]GGAC[AG]A","R11",1.77038149452565,"MXE"
"936","9G8.[AT]GGAC[AG]A","R12",NA,"MXE"
"937","QKI.ACTAAC[ACG]","R1",NA,"MXE"
"938","QKI.ACTAAC[ACG]","R2",NA,"MXE"
"939","QKI.ACTAAC[ACG]","R3",2.26671807446867,"MXE"
"940","QKI.ACTAAC[ACG]","R4",NA,"MXE"
"941","QKI.ACTAAC[ACG]","R5",NA,"MXE"
"942","QKI.ACTAAC[ACG]","R6",1.34968581019872,"MXE"
"943","QKI.ACTAAC[ACG]","R7",1.71419937073503,"MXE"
"944","QKI.ACTAAC[ACG]","R8",NA,"MXE"
"945","QKI.ACTAAC[ACG]","R9",1.39753299880744,"MXE"
"946","QKI.ACTAAC[ACG]","R10",NA,"MXE"
"947","QKI.ACTAAC[ACG]","R11",1.63053765088137,"MXE"
"948","QKI.ACTAAC[ACG]","R12",NA,"MXE"
"949","RBMS1.[GT]ATATA[GC]","R1",NA,"MXE"
"950","RBMS1.[GT]ATATA[GC]","R2",NA,"MXE"
"951","RBMS1.[GT]ATATA[GC]","R3",NA,"MXE"
"952","RBMS1.[GT]ATATA[GC]","R4",1.56538283149437,"MXE"
"953","RBMS1.[GT]ATATA[GC]","R5",NA,"MXE"
"954","RBMS1.[GT]ATATA[GC]","R6",2.30579112349163,"MXE"
"955","RBMS1.[GT]ATATA[GC]","R7",3.62482563946769,"MXE"
"956","RBMS1.[GT]ATATA[GC]","R8",NA,"MXE"
"957","RBMS1.[GT]ATATA[GC]","R9",NA,"MXE"
"958","RBMS1.[GT]ATATA[GC]","R10",NA,"MXE"
"959","RBMS1.[GT]ATATA[GC]","R11",2.38846394998087,"MXE"
"960","RBMS1.[GT]ATATA[GC]","R12",NA,"MXE"
"961","HNRNPC.[ACT]TTTTT[GT]","R1",1.42644559572224,"MXE"
"962","HNRNPC.[ACT]TTTTT[GT]","R2",NA,"MXE"
"963","HNRNPC.[ACT]TTTTT[GT]","R3",2.87630294554479,"MXE"
"964","HNRNPC.[ACT]TTTTT[GT]","R4",NA,"MXE"
"965","HNRNPC.[ACT]TTTTT[GT]","R5",NA,"MXE"
"966","HNRNPC.[ACT]TTTTT[GT]","R6",2.30971205799669,"MXE"
"967","HNRNPC.[ACT]TTTTT[GT]","R7",4.37806503471401,"MXE"
"968","HNRNPC.[ACT]TTTTT[GT]","R8",1.5033560484875,"MXE"
"969","HNRNPC.[ACT]TTTTT[GT]","R9",NA,"MXE"
"970","HNRNPC.[ACT]TTTTT[GT]","R10",2.61018673609517,"MXE"
"971","HNRNPC.[ACT]TTTTT[GT]","R11",2.26569827178547,"MXE"
"972","HNRNPC.[ACT]TTTTT[GT]","R12",NA,"MXE"
"973","HNRNPCL1.[ACT]TTTTT[GT]","R1",1.42644559572224,"MXE"
"974","HNRNPCL1.[ACT]TTTTT[GT]","R2",NA,"MXE"
"975","HNRNPCL1.[ACT]TTTTT[GT]","R3",2.87630294554479,"MXE"
"976","HNRNPCL1.[ACT]TTTTT[GT]","R4",NA,"MXE"
"977","HNRNPCL1.[ACT]TTTTT[GT]","R5",NA,"MXE"
"978","HNRNPCL1.[ACT]TTTTT[GT]","R6",2.30971205799669,"MXE"
"979","HNRNPCL1.[ACT]TTTTT[GT]","R7",4.37806503471401,"MXE"
"980","HNRNPCL1.[ACT]TTTTT[GT]","R8",1.5033560484875,"MXE"
"981","HNRNPCL1.[ACT]TTTTT[GT]","R9",NA,"MXE"
"982","HNRNPCL1.[ACT]TTTTT[GT]","R10",2.61018673609517,"MXE"
"983","HNRNPCL1.[ACT]TTTTT[GT]","R11",2.26569827178547,"MXE"
"984","HNRNPCL1.[ACT]TTTTT[GT]","R12",NA,"MXE"
"985","SRSF10.AGAGA[AG][AG]","R1",NA,"MXE"
"986","SRSF10.AGAGA[AG][AG]","R2",NA,"MXE"
"987","SRSF10.AGAGA[AG][AG]","R3",NA,"MXE"
"988","SRSF10.AGAGA[AG][AG]","R4",NA,"MXE"
"989","SRSF10.AGAGA[AG][AG]","R5",NA,"MXE"
"990","SRSF10.AGAGA[AG][AG]","R6",1.50049171811896,"MXE"
"991","SRSF10.AGAGA[AG][AG]","R7",NA,"MXE"
"992","SRSF10.AGAGA[AG][AG]","R8",NA,"MXE"
"993","SRSF10.AGAGA[AG][AG]","R9",1.42208676207549,"MXE"
"994","SRSF10.AGAGA[AG][AG]","R10",NA,"MXE"
"995","SRSF10.AGAGA[AG][AG]","R11",NA,"MXE"
"996","SRSF10.AGAGA[AG][AG]","R12",NA,"MXE"
"997","LIN28A.[ACT]GGAG[AT]A","R1",NA,"MXE"
"998","LIN28A.[ACT]GGAG[AT]A","R2",NA,"MXE"
"999","LIN28A.[ACT]GGAG[AT]A","R3",1.49376280668654,"MXE"
"1000","LIN28A.[ACT]GGAG[AT]A","R4",2.79837631502728,"MXE"
"1001","LIN28A.[ACT]GGAG[AT]A","R5",4.90380656377516,"MXE"
"1002","LIN28A.[ACT]GGAG[AT]A","R6",2.22059805974863,"MXE"
"1003","LIN28A.[ACT]GGAG[AT]A","R7",3.64668314369974,"MXE"
"1004","LIN28A.[ACT]GGAG[AT]A","R8",1.89189433902503,"MXE"
"1005","LIN28A.[ACT]GGAG[AT]A","R9",NA,"MXE"
"1006","LIN28A.[ACT]GGAG[AT]A","R10",NA,"MXE"
"1007","LIN28A.[ACT]GGAG[AT]A","R11",1.67240146772268,"MXE"
"1008","LIN28A.[ACT]GGAG[AT]A","R12",NA,"MXE"
"1009","SRSF10.AGAGA[ACG][ACG]","R1",NA,"MXE"
"1010","SRSF10.AGAGA[ACG][ACG]","R2",NA,"MXE"
"1011","SRSF10.AGAGA[ACG][ACG]","R3",NA,"MXE"
"1012","SRSF10.AGAGA[ACG][ACG]","R4",2.85738509568452,"MXE"
"1013","SRSF10.AGAGA[ACG][ACG]","R5",1.78464239705711,"MXE"
"1014","SRSF10.AGAGA[ACG][ACG]","R6",NA,"MXE"
"1015","SRSF10.AGAGA[ACG][ACG]","R7",NA,"MXE"
"1016","SRSF10.AGAGA[ACG][ACG]","R8",NA,"MXE"
"1017","SRSF10.AGAGA[ACG][ACG]","R9",NA,"MXE"
"1018","SRSF10.AGAGA[ACG][ACG]","R10",NA,"MXE"
"1019","SRSF10.AGAGA[ACG][ACG]","R11",1.45873770060482,"MXE"
"1020","SRSF10.AGAGA[ACG][ACG]","R12",NA,"MXE"
"1021","FXR2.[AGT]GAC[AG][AG][AG]","R1",NA,"MXE"
"1022","FXR2.[AGT]GAC[AG][AG][AG]","R2",NA,"MXE"
"1023","FXR2.[AGT]GAC[AG][AG][AG]","R3",NA,"MXE"
"1024","FXR2.[AGT]GAC[AG][AG][AG]","R4",2.21137179114694,"MXE"
"1025","FXR2.[AGT]GAC[AG][AG][AG]","R5",4.16534851498508,"MXE"
"1026","FXR2.[AGT]GAC[AG][AG][AG]","R6",NA,"MXE"
"1027","FXR2.[AGT]GAC[AG][AG][AG]","R7",3.01098423258595,"MXE"
"1028","FXR2.[AGT]GAC[AG][AG][AG]","R8",NA,"MXE"
"1029","FXR2.[AGT]GAC[AG][AG][AG]","R9",NA,"MXE"
"1030","FXR2.[AGT]GAC[AG][AG][AG]","R10",2.29293878551083,"MXE"
"1031","FXR2.[AGT]GAC[AG][AG][AG]","R11",NA,"MXE"
"1032","FXR2.[AGT]GAC[AG][AG][AG]","R12",NA,"MXE"
"1033","KHDRBS1.TAAAA[ACG][ACG]","R1",NA,"MXE"
"1034","KHDRBS1.TAAAA[ACG][ACG]","R2",NA,"MXE"
"1035","KHDRBS1.TAAAA[ACG][ACG]","R3",1.40941982057882,"MXE"
"1036","KHDRBS1.TAAAA[ACG][ACG]","R4",1.60416574626391,"MXE"
"1037","KHDRBS1.TAAAA[ACG][ACG]","R5",1.32940485198908,"MXE"
"1038","KHDRBS1.TAAAA[ACG][ACG]","R6",NA,"MXE"
"1039","KHDRBS1.TAAAA[ACG][ACG]","R7",2.07978615173905,"MXE"
"1040","KHDRBS1.TAAAA[ACG][ACG]","R8",NA,"MXE"
"1041","KHDRBS1.TAAAA[ACG][ACG]","R9",NA,"MXE"
"1042","KHDRBS1.TAAAA[ACG][ACG]","R10",4.20669093363702,"MXE"
"1043","KHDRBS1.TAAAA[ACG][ACG]","R11",4.06253517308504,"MXE"
"1044","KHDRBS1.TAAAA[ACG][ACG]","R12",NA,"MXE"
"1045","HNRNPK.CCA[AT][AC]CC","R1",NA,"MXE"
"1046","HNRNPK.CCA[AT][AC]CC","R2",NA,"MXE"
"1047","HNRNPK.CCA[AT][AC]CC","R3",NA,"MXE"
"1048","HNRNPK.CCA[AT][AC]CC","R4",2.49346448406601,"MXE"
"1049","HNRNPK.CCA[AT][AC]CC","R5",NA,"MXE"
"1050","HNRNPK.CCA[AT][AC]CC","R6",NA,"MXE"
"1051","HNRNPK.CCA[AT][AC]CC","R7",NA,"MXE"
"1052","HNRNPK.CCA[AT][AC]CC","R8",NA,"MXE"
"1053","HNRNPK.CCA[AT][AC]CC","R9",NA,"MXE"
"1054","HNRNPK.CCA[AT][AC]CC","R10",NA,"MXE"
"1055","HNRNPK.CCA[AT][AC]CC","R11",NA,"MXE"
"1056","HNRNPK.CCA[AT][AC]CC","R12",NA,"MXE"
"1057","KHDRBS3.ATAAA[ACG]","R1",NA,"MXE"
"1058","KHDRBS3.ATAAA[ACG]","R2",NA,"MXE"
"1059","KHDRBS3.ATAAA[ACG]","R3",3.60426424182531,"MXE"
"1060","KHDRBS3.ATAAA[ACG]","R4",NA,"MXE"
"1061","KHDRBS3.ATAAA[ACG]","R5",1.55442961391428,"MXE"
"1062","KHDRBS3.ATAAA[ACG]","R6",NA,"MXE"
"1063","KHDRBS3.ATAAA[ACG]","R7",1.30957077123828,"MXE"
"1064","KHDRBS3.ATAAA[ACG]","R8",NA,"MXE"
"1065","KHDRBS3.ATAAA[ACG]","R9",NA,"MXE"
"1066","KHDRBS3.ATAAA[ACG]","R10",4.04387992086071,"MXE"
"1067","KHDRBS3.ATAAA[ACG]","R11",3.38697954869557,"MXE"
"1068","KHDRBS3.ATAAA[ACG]","R12",NA,"MXE"
"1069","PABPC4.AAAAAA[AG]","R1",1.86573838003071,"MXE"
"1070","PABPC4.AAAAAA[AG]","R2",NA,"MXE"
"1071","PABPC4.AAAAAA[AG]","R3",1.85561147541787,"MXE"
"1072","PABPC4.AAAAAA[AG]","R4",2.55495056617517,"MXE"
"1073","PABPC4.AAAAAA[AG]","R5",2.09142769879827,"MXE"
"1074","PABPC4.AAAAAA[AG]","R6",1.33259267937246,"MXE"
"1075","PABPC4.AAAAAA[AG]","R7",3.26102980773502,"MXE"
"1076","PABPC4.AAAAAA[AG]","R8",1.68630683031035,"MXE"
"1077","PABPC4.AAAAAA[AG]","R9",NA,"MXE"
"1078","PABPC4.AAAAAA[AG]","R10",1.70337944077093,"MXE"
"1079","PABPC4.AAAAAA[AG]","R11",1.84543902043594,"MXE"
"1080","PABPC4.AAAAAA[AG]","R12",NA,"MXE"
"1081","BRUNOL6.TGTG[AGT][GT]G","R1",NA,"MXE"
"1082","BRUNOL6.TGTG[AGT][GT]G","R2",NA,"MXE"
"1083","BRUNOL6.TGTG[AGT][GT]G","R3",NA,"MXE"
"1084","BRUNOL6.TGTG[AGT][GT]G","R4",NA,"MXE"
"1085","BRUNOL6.TGTG[AGT][GT]G","R5",1.41687451377746,"MXE"
"1086","BRUNOL6.TGTG[AGT][GT]G","R6",2.03249095440198,"MXE"
"1087","BRUNOL6.TGTG[AGT][GT]G","R7",1.76026127577444,"MXE"
"1088","BRUNOL6.TGTG[AGT][GT]G","R8",NA,"MXE"
"1089","BRUNOL6.TGTG[AGT][GT]G","R9",NA,"MXE"
"1090","BRUNOL6.TGTG[AGT][GT]G","R10",2.30661021779619,"MXE"
"1091","BRUNOL6.TGTG[AGT][GT]G","R11",NA,"MXE"
"1092","BRUNOL6.TGTG[AGT][GT]G","R12",NA,"MXE"
"1093","MSI1.TAGT[AT][AG]G","R1",NA,"MXE"
"1094","MSI1.TAGT[AT][AG]G","R2",NA,"MXE"
"1095","MSI1.TAGT[AT][AG]G","R3",1.76448051208413,"MXE"
"1096","MSI1.TAGT[AT][AG]G","R4",NA,"MXE"
"1097","MSI1.TAGT[AT][AG]G","R5",NA,"MXE"
"1098","MSI1.TAGT[AT][AG]G","R6",1.50240668637877,"MXE"
"1099","MSI1.TAGT[AT][AG]G","R7",NA,"MXE"
"1100","MSI1.TAGT[AT][AG]G","R8",1.4462489342641,"MXE"
"1101","MSI1.TAGT[AT][AG]G","R9",2.09410836677934,"MXE"
"1102","MSI1.TAGT[AT][AG]G","R10",2.09660353892831,"MXE"
"1103","MSI1.TAGT[AT][AG]G","R11",NA,"MXE"
"1104","MSI1.TAGT[AT][AG]G","R12",NA,"MXE"
"1105","SRSF1.AGGA[GC][AC]","R1",NA,"MXE"
"1106","SRSF1.AGGA[GC][AC]","R2",NA,"MXE"
"1107","SRSF1.AGGA[GC][AC]","R3",NA,"MXE"
"1108","SRSF1.AGGA[GC][AC]","R4",NA,"MXE"
"1109","SRSF1.AGGA[GC][AC]","R5",NA,"MXE"
"1110","SRSF1.AGGA[GC][AC]","R6",1.44932350054924,"MXE"
"1111","SRSF1.AGGA[GC][AC]","R7",1.84976558125863,"MXE"
"1112","SRSF1.AGGA[GC][AC]","R8",NA,"MXE"
"1113","SRSF1.AGGA[GC][AC]","R9",NA,"MXE"
"1114","SRSF1.AGGA[GC][AC]","R10",3.55859021630301,"MXE"
"1115","SRSF1.AGGA[GC][AC]","R11",NA,"MXE"
"1116","SRSF1.AGGA[GC][AC]","R12",NA,"MXE"
"1117","CNOT4.GACAGA","R1",NA,"MXE"
"1118","CNOT4.GACAGA","R2",NA,"MXE"
"1119","CNOT4.GACAGA","R3",NA,"MXE"
"1120","CNOT4.GACAGA","R4",NA,"MXE"
"1121","CNOT4.GACAGA","R5",NA,"MXE"
"1122","CNOT4.GACAGA","R6",NA,"MXE"
"1123","CNOT4.GACAGA","R7",3.13079383195009,"MXE"
"1124","CNOT4.GACAGA","R8",NA,"MXE"
"1125","CNOT4.GACAGA","R9",NA,"MXE"
"1126","CNOT4.GACAGA","R10",1.44790709911472,"MXE"
"1127","CNOT4.GACAGA","R11",1.83998924666965,"MXE"
"1128","CNOT4.GACAGA","R12",NA,"MXE"
"1129","RBM41.[AT]TAC[AT]T[GT]","R1",NA,"MXE"
"1130","RBM41.[AT]TAC[AT]T[GT]","R2",NA,"MXE"
"1131","RBM41.[AT]TAC[AT]T[GT]","R3",2.7055414410533,"MXE"
"1132","RBM41.[AT]TAC[AT]T[GT]","R4",NA,"MXE"
"1133","RBM41.[AT]TAC[AT]T[GT]","R5",NA,"MXE"
"1134","RBM41.[AT]TAC[AT]T[GT]","R6",2.56596296136959,"MXE"
"1135","RBM41.[AT]TAC[AT]T[GT]","R7",3.14413955147727,"MXE"
"1136","RBM41.[AT]TAC[AT]T[GT]","R8",NA,"MXE"
"1137","RBM41.[AT]TAC[AT]T[GT]","R9",1.50911971041163,"MXE"
"1138","RBM41.[AT]TAC[AT]T[GT]","R10",3.24386960498872,"MXE"
"1139","RBM41.[AT]TAC[AT]T[GT]","R11",2.77839541933168,"MXE"
"1140","RBM41.[AT]TAC[AT]T[GT]","R12",NA,"MXE"
"1141","SRp20.CTC[GT]TC[CT]","R1",NA,"MXE"
"1142","SRp20.CTC[GT]TC[CT]","R2",NA,"MXE"
"1143","SRp20.CTC[GT]TC[CT]","R3",1.39447469492582,"MXE"
"1144","SRp20.CTC[GT]TC[CT]","R4",NA,"MXE"
"1145","SRp20.CTC[GT]TC[CT]","R5",NA,"MXE"
"1146","SRp20.CTC[GT]TC[CT]","R6",2.76494280020182,"MXE"
"1147","SRp20.CTC[GT]TC[CT]","R7",1.74162117809268,"MXE"
"1148","SRp20.CTC[GT]TC[CT]","R8",NA,"MXE"
"1149","SRp20.CTC[GT]TC[CT]","R9",NA,"MXE"
"1150","SRp20.CTC[GT]TC[CT]","R10",3.17155985105114,"MXE"
"1151","SRp20.CTC[GT]TC[CT]","R11",NA,"MXE"
"1152","SRp20.CTC[GT]TC[CT]","R12",NA,"MXE"
"1153","HNRNPL.A[AC]A[CT]A[AC]A","R1",NA,"MXE"
"1154","HNRNPL.A[AC]A[CT]A[AC]A","R2",NA,"MXE"
"1155","HNRNPL.A[AC]A[CT]A[AC]A","R3",1.99367232513639,"MXE"
"1156","HNRNPL.A[AC]A[CT]A[AC]A","R4",1.31982329578034,"MXE"
"1157","HNRNPL.A[AC]A[CT]A[AC]A","R5",NA,"MXE"
"1158","HNRNPL.A[AC]A[CT]A[AC]A","R6",NA,"MXE"
"1159","HNRNPL.A[AC]A[CT]A[AC]A","R7",1.9902175367438,"MXE"
"1160","HNRNPL.A[AC]A[CT]A[AC]A","R8",NA,"MXE"
"1161","HNRNPL.A[AC]A[CT]A[AC]A","R9",NA,"MXE"
"1162","HNRNPL.A[AC]A[CT]A[AC]A","R10",2.51003414781428,"MXE"
"1163","HNRNPL.A[AC]A[CT]A[AC]A","R11",4.01499826071683,"MXE"
"1164","HNRNPL.A[AC]A[CT]A[AC]A","R12",1.54306450293331,"MXE"
"1165","SRSF10.AGAGA[ACG][AC]","R1",NA,"MXE"
"1166","SRSF10.AGAGA[ACG][AC]","R2",NA,"MXE"
"1167","SRSF10.AGAGA[ACG][AC]","R3",NA,"MXE"
"1168","SRSF10.AGAGA[ACG][AC]","R4",3.88128253153706,"MXE"
"1169","SRSF10.AGAGA[ACG][AC]","R5",1.98080024731674,"MXE"
"1170","SRSF10.AGAGA[ACG][AC]","R6",1.393640300439,"MXE"
"1171","SRSF10.AGAGA[ACG][AC]","R7",1.36255524941186,"MXE"
"1172","SRSF10.AGAGA[ACG][AC]","R8",NA,"MXE"
"1173","SRSF10.AGAGA[ACG][AC]","R9",NA,"MXE"
"1174","SRSF10.AGAGA[ACG][AC]","R10",2.14181533557684,"MXE"
"1175","SRSF10.AGAGA[ACG][AC]","R11",2.0540981257827,"MXE"
"1176","SRSF10.AGAGA[ACG][AC]","R12",NA,"MXE"
"1177","SART3.A[AG]AAAA[AC]","R1",NA,"MXE"
"1178","SART3.A[AG]AAAA[AC]","R2",NA,"MXE"
"1179","SART3.A[AG]AAAA[AC]","R3",1.49909329659468,"MXE"
"1180","SART3.A[AG]AAAA[AC]","R4",NA,"MXE"
"1181","SART3.A[AG]AAAA[AC]","R5",1.8467024143618,"MXE"
"1182","SART3.A[AG]AAAA[AC]","R6",2.77521690753003,"MXE"
"1183","SART3.A[AG]AAAA[AC]","R7",2.53168926938155,"MXE"
"1184","SART3.A[AG]AAAA[AC]","R8",2.03032585681703,"MXE"
"1185","SART3.A[AG]AAAA[AC]","R9",NA,"MXE"
"1186","SART3.A[AG]AAAA[AC]","R10",2.5638213595863,"MXE"
"1187","SART3.A[AG]AAAA[AC]","R11",1.95042790425727,"MXE"
"1188","SART3.A[AG]AAAA[AC]","R12",NA,"MXE"
"1189","PABPC1.A[AG]AAAA[AC]","R1",NA,"MXE"
"1190","PABPC1.A[AG]AAAA[AC]","R2",NA,"MXE"
"1191","PABPC1.A[AG]AAAA[AC]","R3",1.49909329659468,"MXE"
"1192","PABPC1.A[AG]AAAA[AC]","R4",NA,"MXE"
"1193","PABPC1.A[AG]AAAA[AC]","R5",1.8467024143618,"MXE"
"1194","PABPC1.A[AG]AAAA[AC]","R6",2.77521690753003,"MXE"
"1195","PABPC1.A[AG]AAAA[AC]","R7",2.53168926938155,"MXE"
"1196","PABPC1.A[AG]AAAA[AC]","R8",2.03032585681703,"MXE"
"1197","PABPC1.A[AG]AAAA[AC]","R9",NA,"MXE"
"1198","PABPC1.A[AG]AAAA[AC]","R10",2.5638213595863,"MXE"
"1199","PABPC1.A[AG]AAAA[AC]","R11",1.95042790425727,"MXE"
"1200","PABPC1.A[AG]AAAA[AC]","R12",NA,"MXE"
"1201","PABPC5.AGAAA[AGT]T","R1",NA,"MXE"
"1202","PABPC5.AGAAA[AGT]T","R2",NA,"MXE"
"1203","PABPC5.AGAAA[AGT]T","R3",1.82183350318654,"MXE"
"1204","PABPC5.AGAAA[AGT]T","R4",3.63748275407275,"MXE"
"1205","PABPC5.AGAAA[AGT]T","R5",4.9005666023634,"MXE"
"1206","PABPC5.AGAAA[AGT]T","R6",2.31993265908515,"MXE"
"1207","PABPC5.AGAAA[AGT]T","R7",5.62426060345321,"MXE"
"1208","PABPC5.AGAAA[AGT]T","R8",NA,"MXE"
"1209","PABPC5.AGAAA[AGT]T","R9",NA,"MXE"
"1210","PABPC5.AGAAA[AGT]T","R10",2.10733378612485,"MXE"
"1211","PABPC5.AGAAA[AGT]T","R11",1.35039587922963,"MXE"
"1212","PABPC5.AGAAA[AGT]T","R12",NA,"MXE"
"1213","ENOX1.[ACT][AG][GT]ACAG","R1",NA,"MXE"
"1214","ENOX1.[ACT][AG][GT]ACAG","R2",NA,"MXE"
"1215","ENOX1.[ACT][AG][GT]ACAG","R3",1.99710795700219,"MXE"
"1216","ENOX1.[ACT][AG][GT]ACAG","R4",NA,"MXE"
"1217","ENOX1.[ACT][AG][GT]ACAG","R5",1.67765995556222,"MXE"
"1218","ENOX1.[ACT][AG][GT]ACAG","R6",1.58224849566842,"MXE"
"1219","ENOX1.[ACT][AG][GT]ACAG","R7",1.64680752179673,"MXE"
"1220","ENOX1.[ACT][AG][GT]ACAG","R8",NA,"MXE"
"1221","ENOX1.[ACT][AG][GT]ACAG","R9",NA,"MXE"
"1222","ENOX1.[ACT][AG][GT]ACAG","R10",3.84650488200504,"MXE"
"1223","ENOX1.[ACT][AG][GT]ACAG","R11",1.45201323378134,"MXE"
"1224","ENOX1.[ACT][AG][GT]ACAG","R12",NA,"MXE"
"1225","SRSF10.A[AG]AG[AG][AG][AG]","R1",NA,"MXE"
"1226","SRSF10.A[AG]AG[AG][AG][AG]","R2",NA,"MXE"
"1227","SRSF10.A[AG]AG[AG][AG][AG]","R3",NA,"MXE"
"1228","SRSF10.A[AG]AG[AG][AG][AG]","R4",2.72076488764651,"MXE"
"1229","SRSF10.A[AG]AG[AG][AG][AG]","R5",NA,"MXE"
"1230","SRSF10.A[AG]AG[AG][AG][AG]","R6",1.46351047921487,"MXE"
"1231","SRSF10.A[AG]AG[AG][AG][AG]","R7",1.62993719581574,"MXE"
"1232","SRSF10.A[AG]AG[AG][AG][AG]","R8",NA,"MXE"
"1233","SRSF10.A[AG]AG[AG][AG][AG]","R9",NA,"MXE"
"1234","SRSF10.A[AG]AG[AG][AG][AG]","R10",1.87430235665162,"MXE"
"1235","SRSF10.A[AG]AG[AG][AG][AG]","R11",1.44829304443914,"MXE"
"1236","SRSF10.A[AG]AG[AG][AG][AG]","R12",NA,"MXE"
"1237","SRSF7.ACGACG","R1",NA,"MXE"
"1238","SRSF7.ACGACG","R2",NA,"MXE"
"1239","SRSF7.ACGACG","R3",NA,"MXE"
"1240","SRSF7.ACGACG","R4",NA,"MXE"
"1241","SRSF7.ACGACG","R5",NA,"MXE"
"1242","SRSF7.ACGACG","R6",NA,"MXE"
"1243","SRSF7.ACGACG","R7",NA,"MXE"
"1244","SRSF7.ACGACG","R8",NA,"MXE"
"1245","SRSF7.ACGACG","R9",1.83178571199531,"MXE"
"1246","SRSF7.ACGACG","R10",NA,"MXE"
"1247","SRSF7.ACGACG","R11",NA,"MXE"
"1248","SRSF7.ACGACG","R12",NA,"MXE"
"1249","IGF2BP3.A[AC]A[ACT][AT]CA","R1",NA,"MXE"
"1250","IGF2BP3.A[AC]A[ACT][AT]CA","R2",NA,"MXE"
"1251","IGF2BP3.A[AC]A[ACT][AT]CA","R3",NA,"MXE"
"1252","IGF2BP3.A[AC]A[ACT][AT]CA","R4",2.52101277531379,"MXE"
"1253","IGF2BP3.A[AC]A[ACT][AT]CA","R5",3.90723483993283,"MXE"
"1254","IGF2BP3.A[AC]A[ACT][AT]CA","R6",NA,"MXE"
"1255","IGF2BP3.A[AC]A[ACT][AT]CA","R7",2.82171344689538,"MXE"
"1256","IGF2BP3.A[AC]A[ACT][AT]CA","R8",NA,"MXE"
"1257","IGF2BP3.A[AC]A[ACT][AT]CA","R9",NA,"MXE"
"1258","IGF2BP3.A[AC]A[ACT][AT]CA","R10",2.92835424636239,"MXE"
"1259","IGF2BP3.A[AC]A[ACT][AT]CA","R11",1.87395438068855,"MXE"
"1260","IGF2BP3.A[AC]A[ACT][AT]CA","R12",NA,"MXE"
"1261","PCBP3.TTT[CT]CC","R1",1.67953385788446,"MXE"
"1262","PCBP3.TTT[CT]CC","R2",NA,"MXE"
"1263","PCBP3.TTT[CT]CC","R3",1.51455018194021,"MXE"
"1264","PCBP3.TTT[CT]CC","R4",NA,"MXE"
"1265","PCBP3.TTT[CT]CC","R5",1.33532523412276,"MXE"
"1266","PCBP3.TTT[CT]CC","R6",1.94562208367821,"MXE"
"1267","PCBP3.TTT[CT]CC","R7",3.53659964085782,"MXE"
"1268","PCBP3.TTT[CT]CC","R8",NA,"MXE"
"1269","PCBP3.TTT[CT]CC","R9",NA,"MXE"
"1270","PCBP3.TTT[CT]CC","R10",1.90607924528213,"MXE"
"1271","PCBP3.TTT[CT]CC","R11",1.86009486129654,"MXE"
"1272","PCBP3.TTT[CT]CC","R12",NA,"MXE"
"1273","RBM3.[AG]A[AGT]AC[GT]A","R1",NA,"MXE"
"1274","RBM3.[AG]A[AGT]AC[GT]A","R2",NA,"MXE"
"1275","RBM3.[AG]A[AGT]AC[GT]A","R3",1.80335751059261,"MXE"
"1276","RBM3.[AG]A[AGT]AC[GT]A","R4",1.58070003101356,"MXE"
"1277","RBM3.[AG]A[AGT]AC[GT]A","R5",NA,"MXE"
"1278","RBM3.[AG]A[AGT]AC[GT]A","R6",1.60797202011249,"MXE"
"1279","RBM3.[AG]A[AGT]AC[GT]A","R7",1.8889509959215,"MXE"
"1280","RBM3.[AG]A[AGT]AC[GT]A","R8",NA,"MXE"
"1281","RBM3.[AG]A[AGT]AC[GT]A","R9",NA,"MXE"
"1282","RBM3.[AG]A[AGT]AC[GT]A","R10",NA,"MXE"
"1283","RBM3.[AG]A[AGT]AC[GT]A","R11",NA,"MXE"
"1284","RBM3.[AG]A[AGT]AC[GT]A","R12",1.47700400547015,"MXE"
"1285","YBX1.AACATC[AGT]","R1",NA,"MXE"
"1286","YBX1.AACATC[AGT]","R2",NA,"MXE"
"1287","YBX1.AACATC[AGT]","R3",1.92367423324922,"MXE"
"1288","YBX1.AACATC[AGT]","R4",NA,"MXE"
"1289","YBX1.AACATC[AGT]","R5",1.72344153993885,"MXE"
"1290","YBX1.AACATC[AGT]","R6",2.50120691397395,"MXE"
"1291","YBX1.AACATC[AGT]","R7",NA,"MXE"
"1292","YBX1.AACATC[AGT]","R8",NA,"MXE"
"1293","YBX1.AACATC[AGT]","R9",NA,"MXE"
"1294","YBX1.AACATC[AGT]","R10",2.56741600738454,"MXE"
"1295","YBX1.AACATC[AGT]","R11",1.9804137025435,"MXE"
"1296","YBX1.AACATC[AGT]","R12",NA,"MXE"
"1297","SNRPA.[AT]TGCAC[AG]","R1",NA,"MXE"
"1298","SNRPA.[AT]TGCAC[AG]","R2",NA,"MXE"
"1299","SNRPA.[AT]TGCAC[AG]","R3",1.89536828650079,"MXE"
"1300","SNRPA.[AT]TGCAC[AG]","R4",NA,"MXE"
"1301","SNRPA.[AT]TGCAC[AG]","R5",NA,"MXE"
"1302","SNRPA.[AT]TGCAC[AG]","R6",NA,"MXE"
"1303","SNRPA.[AT]TGCAC[AG]","R7",2.41650523668728,"MXE"
"1304","SNRPA.[AT]TGCAC[AG]","R8",1.36861972425949,"MXE"
"1305","SNRPA.[AT]TGCAC[AG]","R9",NA,"MXE"
"1306","SNRPA.[AT]TGCAC[AG]","R10",3.07187252898341,"MXE"
"1307","SNRPA.[AT]TGCAC[AG]","R11",NA,"MXE"
"1308","SNRPA.[AT]TGCAC[AG]","R12",NA,"MXE"
"1309","HNRPLL.[AG]CA[ACT]ACA","R1",NA,"MXE"
"1310","HNRPLL.[AG]CA[ACT]ACA","R2",NA,"MXE"
"1311","HNRPLL.[AG]CA[ACT]ACA","R3",1.66041064139468,"MXE"
"1312","HNRPLL.[AG]CA[ACT]ACA","R4",1.31415468111373,"MXE"
"1313","HNRPLL.[AG]CA[ACT]ACA","R5",2.54242738274506,"MXE"
"1314","HNRPLL.[AG]CA[ACT]ACA","R6",NA,"MXE"
"1315","HNRPLL.[AG]CA[ACT]ACA","R7",3.22562138231789,"MXE"
"1316","HNRPLL.[AG]CA[ACT]ACA","R8",NA,"MXE"
"1317","HNRPLL.[AG]CA[ACT]ACA","R9",NA,"MXE"
"1318","HNRPLL.[AG]CA[ACT]ACA","R10",1.60841953628118,"MXE"
"1319","HNRPLL.[AG]CA[ACT]ACA","R11",3.4889920253737,"MXE"
"1320","HNRPLL.[AG]CA[ACT]ACA","R12",1.89690573500147,"MXE"
"1321","TUT1.[AC][AG]ATACT","R1",NA,"MXE"
"1322","TUT1.[AC][AG]ATACT","R2",NA,"MXE"
"1323","TUT1.[AC][AG]ATACT","R3",2.0042676575094,"MXE"
"1324","TUT1.[AC][AG]ATACT","R4",NA,"MXE"
"1325","TUT1.[AC][AG]ATACT","R5",NA,"MXE"
"1326","TUT1.[AC][AG]ATACT","R6",2.27233860552221,"MXE"
"1327","TUT1.[AC][AG]ATACT","R7",1.45669702473759,"MXE"
"1328","TUT1.[AC][AG]ATACT","R8",NA,"MXE"
"1329","TUT1.[AC][AG]ATACT","R9",NA,"MXE"
"1330","TUT1.[AC][AG]ATACT","R10",NA,"MXE"
"1331","TUT1.[AC][AG]ATACT","R11",2.0042676575094,"MXE"
"1332","TUT1.[AC][AG]ATACT","R12",NA,"MXE"
"1333","IGF2BP2.[ACG][AC]A[ACT][AT]CA","R1",NA,"MXE"
"1334","IGF2BP2.[ACG][AC]A[ACT][AT]CA","R2",NA,"MXE"
"1335","IGF2BP2.[ACG][AC]A[ACT][AT]CA","R3",1.85349798007914,"MXE"
"1336","IGF2BP2.[ACG][AC]A[ACT][AT]CA","R4",3.00146413462896,"MXE"
"1337","IGF2BP2.[ACG][AC]A[ACT][AT]CA","R5",4.5850732884248,"MXE"
"1338","IGF2BP2.[ACG][AC]A[ACT][AT]CA","R6",NA,"MXE"
"1339","IGF2BP2.[ACG][AC]A[ACT][AT]CA","R7",1.76456039241058,"MXE"
"1340","IGF2BP2.[ACG][AC]A[ACT][AT]CA","R8",NA,"MXE"
"1341","IGF2BP2.[ACG][AC]A[ACT][AT]CA","R9",NA,"MXE"
"1342","IGF2BP2.[ACG][AC]A[ACT][AT]CA","R10",1.87443632564156,"MXE"
"1343","IGF2BP2.[ACG][AC]A[ACT][AT]CA","R11",1.88702175726977,"MXE"
"1344","IGF2BP2.[ACG][AC]A[ACT][AT]CA","R12",NA,"MXE"
"1345","PABPN1.A[AG]AAGA","R1",NA,"MXE"
"1346","PABPN1.A[AG]AAGA","R2",NA,"MXE"
"1347","PABPN1.A[AG]AAGA","R3",NA,"MXE"
"1348","PABPN1.A[AG]AAGA","R4",6.87819101516642,"MXE"
"1349","PABPN1.A[AG]AAGA","R5",4.61045854973721,"MXE"
"1350","PABPN1.A[AG]AAGA","R6",2.5231854894378,"MXE"
"1351","PABPN1.A[AG]AAGA","R7",2.55770403229949,"MXE"
"1352","PABPN1.A[AG]AAGA","R8",1.50935368902166,"MXE"
"1353","PABPN1.A[AG]AAGA","R9",NA,"MXE"
"1354","PABPN1.A[AG]AAGA","R10",2.07678079231262,"MXE"
"1355","PABPN1.A[AG]AAGA","R11",2.82697329898474,"MXE"
"1356","PABPN1.A[AG]AAGA","R12",NA,"MXE"
"1357","YBX2.AACA[AT]C[AGT]","R1",NA,"MXE"
"1358","YBX2.AACA[AT]C[AGT]","R2",NA,"MXE"
"1359","YBX2.AACA[AT]C[AGT]","R3",2.25028226959932,"MXE"
"1360","YBX2.AACA[AT]C[AGT]","R4",1.63696198081395,"MXE"
"1361","YBX2.AACA[AT]C[AGT]","R5",1.67860420225199,"MXE"
"1362","YBX2.AACA[AT]C[AGT]","R6",NA,"MXE"
"1363","YBX2.AACA[AT]C[AGT]","R7",1.43377592343999,"MXE"
"1364","YBX2.AACA[AT]C[AGT]","R8",NA,"MXE"
"1365","YBX2.AACA[AT]C[AGT]","R9",NA,"MXE"
"1366","YBX2.AACA[AT]C[AGT]","R10",3.04307667691818,"MXE"
"1367","YBX2.AACA[AT]C[AGT]","R11",2.43753420471959,"MXE"
"1368","YBX2.AACA[AT]C[AGT]","R12",NA,"MXE"
